Month,State,Arrivals
Jan-91,NSW,173740.0
Feb-91,NSW,143320.0
Mar-91,NSW,174480.0
Apr-91,NSW,151460.0
May-91,NSW,150090.0
Jun-91,NSW,161960.0
Jul-91,NSW,156130.0
Aug-91,NSW,172430.0
Sep-91,NSW,176020.0
Oct-91,NSW,169070.0
Nov-91,NSW,176930.0
Dec-91,NSW,201390.0
Jan-92,NSW,181870.0
Feb-92,NSW,168530.0
Mar-92,NSW,186350.0
Apr-92,NSW,189680.0
May-92,NSW,170440.0
Jun-92,NSW,159880.0
Jul-92,NSW,182980.0
Aug-92,NSW,169480.0
Sep-92,NSW,181800.0
Oct-92,NSW,165490.0
Nov-92,NSW,187890.0
Dec-92,NSW,223640.0
Jan-93,NSW,207300.0
Feb-93,NSW,176810.0
Mar-93,NSW,194960.0
Apr-93,NSW,199840.0
May-93,NSW,186380.0
Jun-93,NSW,180720.0
Jul-93,NSW,173480.0
Aug-93,NSW,195600.0
Sep-93,NSW,193760.0
Oct-93,NSW,197760.0
Nov-93,NSW,194700.0
Dec-93,NSW,227950.0
Jan-94,NSW,217560.0
Feb-94,NSW,207760.0
Mar-94,NSW,232420.0
Apr-94,NSW,213220.0
May-94,NSW,198120.0
Jun-94,NSW,199140.0
Jul-94,NSW,197020.0
Aug-94,NSW,210800.0
Sep-94,NSW,207350.0
Oct-94,NSW,200400.0
Nov-94,NSW,214100.0
Dec-94,NSW,246760.0
Jan-95,NSW,243510.0
Feb-95,NSW,212540.0
Mar-95,NSW,237300.0
Apr-95,NSW,233380.0
May-95,NSW,211440.0
Jun-95,NSW,202000.0
Jul-95,NSW,225670.0
Aug-95,NSW,231610.0
Sep-95,NSW,221990.0
Oct-95,NSW,209340.0
Nov-95,NSW,235790.0
Dec-95,NSW,275500.0
Jan-96,NSW,263460.0
Feb-96,NSW,239820.0
Mar-96,NSW,281460.0
Apr-96,NSW,250220.0
May-96,NSW,219070.0
Jun-96,NSW,236630.0
Jul-96,NSW,234490.0
Aug-96,NSW,248540.0
Sep-96,NSW,234140.0
Oct-96,NSW,234060.0
Nov-96,NSW,249690.0
Dec-96,NSW,295460.0
Jan-97,NSW,283910.0
Feb-97,NSW,247970.0
Mar-97,NSW,287050.0
Apr-97,NSW,247110.0
May-97,NSW,241610.0
Jun-97,NSW,251180.0
Jul-97,NSW,245460.0
Aug-97,NSW,255240.0
Sep-97,NSW,238850.0
Oct-97,NSW,244580.0
Nov-97,NSW,259750.0
Dec-97,NSW,286370.0
Jan-98,NSW,281880.0
Feb-98,NSW,241860.0
Mar-98,NSW,265710.0
Apr-98,NSW,271100.0
May-98,NSW,245730.0
Jun-98,NSW,232300.0
Jul-98,NSW,251650.0
Aug-98,NSW,258200.0
Sep-98,NSW,241270.0
Oct-98,NSW,239900.0
Nov-98,NSW,254660.0
Dec-98,NSW,292720.0
Jan-99,NSW,301090.0
Feb-99,NSW,249740.0
Mar-99,NSW,287810.0
Apr-99,NSW,269290.0
May-99,NSW,243360.0
Jun-99,NSW,231610.0
Jul-99,NSW,254570.0
Aug-99,NSW,275410.0
Sep-99,NSW,268590.0
Oct-99,NSW,255900.0
Nov-99,NSW,275440.0
Dec-99,NSW,294060.0
Jan-00,NSW,330130.0
Feb-00,NSW,277960.0
Mar-00,NSW,303860.0
Apr-00,NSW,316030.0
May-00,NSW,276150.0
Jun-00,NSW,262360.0
Jul-00,NSW,283060.0
Aug-00,NSW,290460.0
Sep-00,NSW,320850.0
Oct-00,NSW,352920.0
Nov-00,NSW,330040.0
Dec-00,NSW,380460.0
Jan-01,NSW,352620.0
Feb-01,NSW,290670.0
Mar-01,NSW,322660.0
Apr-01,NSW,319470.0
May-01,NSW,290200.0
Jun-01,NSW,275200.0
Jul-01,NSW,311820.0
Aug-01,NSW,292490.0
Sep-01,NSW,274070.0
Oct-01,NSW,248510.0
Nov-01,NSW,262830.0
Dec-01,NSW,332810.0
Jan-02,NSW,335780.0
Feb-02,NSW,285980.0
Mar-02,NSW,304520.0
Apr-02,NSW,302880.0
May-02,NSW,279240.0
Jun-02,NSW,260820.0
Jul-02,NSW,283300.0
Aug-02,NSW,284880.0
Sep-02,NSW,267830.0
Oct-02,NSW,276920.0
Nov-02,NSW,299790.0
Dec-02,NSW,346110.0
Jan-03,NSW,341510.0
Feb-03,NSW,274950.0
Mar-03,NSW,289040.0
Apr-03,NSW,244180.0
May-03,NSW,213350.0
Jun-03,NSW,230090.0
Jul-03,NSW,274270.0
Aug-03,NSW,285390.0
Sep-03,NSW,285550.0
Oct-03,NSW,267550.0
Nov-03,NSW,320110.0
Dec-03,NSW,375260.0
Jan-04,NSW,354350.0
Feb-04,NSW,291330.0
Mar-04,NSW,314670.0
Apr-04,NSW,318610.0
May-04,NSW,292000.0
Jun-04,NSW,295860.0
Jul-04,NSW,318740.0
Aug-04,NSW,313760.0
Sep-04,NSW,313000.0
Oct-04,NSW,305870.0
Nov-04,NSW,333640.0
Dec-04,NSW,405220.0
Jan-05,NSW,400420.0
Feb-05,NSW,323610.0
Mar-05,NSW,352790.0
Apr-05,NSW,345450.0
May-05,NSW,310030.0
Jun-05,NSW,319560.0
Jul-05,NSW,340490.0
Aug-05,NSW,331560.0
Sep-05,NSW,332980.0
Oct-05,NSW,311180.0
Nov-05,NSW,335740.0
Dec-05,NSW,407060.0
Jan-06,NSW,398490.0
Feb-06,NSW,322990.0
Mar-06,NSW,339990.0
Apr-06,NSW,366240.0
May-06,NSW,306540.0
Jun-06,NSW,332410.0
Jul-06,NSW,319680.0
Aug-06,NSW,324380.0
Sep-06,NSW,321280.0
Oct-06,NSW,335450.0
Nov-06,NSW,345620.0
Dec-06,NSW,423030.0
Jan-07,NSW,415410.0
Feb-07,NSW,327500.0
Mar-07,NSW,376650.0
Apr-07,NSW,372640.0
May-07,NSW,318980.0
Jun-07,NSW,343200.0
Jul-07,NSW,339410.0
Aug-07,NSW,344180.0
Sep-07,NSW,355190.0
Oct-07,NSW,345990.0
Nov-07,NSW,370710.0
Dec-07,NSW,443440.0
Jan-08,NSW,417800.0
Feb-08,NSW,356210.0
Mar-08,NSW,383270.0
Apr-08,NSW,375560.0
May-08,NSW,345940.0
Jun-08,NSW,345690.0
Jul-08,NSW,400110.0
Aug-08,NSW,354780.0
Sep-08,NSW,338830.0
Oct-08,NSW,336780.0
Nov-08,NSW,353010.0
Dec-08,NSW,436920.0
Jan-09,NSW,407900.0
Feb-09,NSW,332710.0
Mar-09,NSW,361830.0
Apr-09,NSW,389250.0
May-09,NSW,340770.0
Jun-09,NSW,332050.0
Jul-09,NSW,383600.0
Aug-09,NSW,358950.0
Sep-09,NSW,353160.0
Oct-09,NSW,398290.0
Nov-09,NSW,387860.0
Dec-09,NSW,480160.0
Jan-10,NSW,452420.0
Feb-10,NSW,374230.0
Mar-10,NSW,415600.0
Apr-10,NSW,392500.0
May-10,NSW,365040.0
Jun-10,NSW,386890.0
Jul-10,NSW,403450.0
Aug-10,NSW,384730.0
Sep-10,NSW,409420.0
Oct-10,NSW,394860.0
Nov-10,NSW,408050.0
Dec-10,NSW,503870.0
Jan-11,NSW,483940.0
Feb-11,NSW,384810.0
Mar-11,NSW,400970.0
Apr-11,NSW,444480.0
May-11,NSW,385720.0
Jun-11,NSW,414420.0
Jul-11,NSW,404740.0
Aug-11,NSW,397670.0
Sep-11,NSW,442560.0
Oct-11,NSW,405650.0
Nov-11,NSW,421070.0
Dec-11,NSW,521870.0
Jan-12,NSW,490070.0
Feb-12,NSW,395550.0
Mar-12,NSW,441580.0
Apr-12,NSW,453380.0
May-12,NSW,392090.0
Jun-12,NSW,445330.0
Jul-12,NSW,410660.0
Aug-12,NSW,422400.0
Sep-12,NSW,458920.0
Oct-12,NSW,418250.0
Nov-12,NSW,446000.0
Dec-12,NSW,541570.0
Jan-13,NSW,498700.0
Feb-13,NSW,412420.0
Mar-13,NSW,458190.0
Apr-13,NSW,474850.0
May-13,NSW,422670.0
Jun-13,NSW,469260.0
Jul-13,NSW,449160.0
Aug-13,NSW,456480.0
Sep-13,NSW,487850.0
Oct-13,NSW,432560.0
Nov-13,NSW,468480.0
Dec-13,NSW,585460.0
Jan-14,NSW,548890.0
Feb-14,NSW,437400.0
Mar-14,NSW,473380.0
Apr-14,NSW,512380.0
May-14,NSW,444510.0
Jun-14,NSW,502140.0
Jul-14,NSW,447470.0
Aug-14,NSW,481490.0
Sep-14,NSW,491020.0
Oct-14,NSW,452220.0
Nov-14,NSW,483010.0
Dec-14,NSW,607980.0
Jan-15,NSW,559720.0
Feb-15,NSW,461310.0
Mar-15,NSW,531320.0
Apr-15,NSW,514610.0
May-15,NSW,468560.0
Jun-15,NSW,514240.0
Jul-15,NSW,484110.0
Aug-15,NSW,490330.0
Sep-15,NSW,519460.0
Oct-15,NSW,478750.0
Nov-15,NSW,517920.0
Dec-15,NSW,664020.0
Jan-16,NSW,618080.0
Feb-16,NSW,513570.0
Mar-16,NSW,559570.0
Apr-16,NSW,574940.0
May-16,NSW,499230.0
Jun-16,NSW,536340.0
Jul-16,NSW,560880.0
Aug-16,NSW,531940.0
Sep-16,NSW,561190.0
Oct-16,NSW,532810.0
Nov-16,NSW,564500.0
Dec-16,NSW,719220.0
Jan-17,NSW,687490.0
Feb-17,NSW,540240.0
Mar-17,NSW,581100.0
Apr-17,NSW,645780.0
May-17,NSW,537700.0
Jun-17,NSW,596490.0
Jul-17,NSW,599140.0
Aug-17,NSW,588170.0
Sep-17,NSW,607930.0
Oct-17,NSW,562810.0
Nov-17,NSW,605530.0
Dec-17,NSW,770680.0
Jan-18,NSW,693400.0
Feb-18,NSW,582690.0
Mar-18,NSW,634180.0
Apr-18,NSW,659800.0
May-18,NSW,556630.0
Jun-18,NSW,614370.0
Jul-18,NSW,645680.0
Aug-18,NSW,617210.0
Sep-18,NSW,614590.0
Oct-18,NSW,608240.0
Nov-18,NSW,629890.0
Dec-18,NSW,806190.0
Jan-19,NSW,728740.0
Feb-19,NSW,578260.0
Mar-19,NSW,620100.0
Apr-19,NSW,684210.0
May-19,NSW,596950.0
Jun-19,NSW,619240.0
Jul-19,NSW,640470.0
Aug-19,NSW,628350.0
Sep-19,NSW,634350.0
Oct-19,NSW,614110.0
Nov-19,NSW,614100.0
Dec-19,NSW,813450.0
Jan-20,NSW,737570.0
Feb-20,NSW,469300.0
Mar-20,NSW,297090.0
Apr-20,NSW,23720.0
May-20,NSW,13430.0
Jun-20,NSW,14470.0
Jul-20,NSW,18390.0
Aug-20,NSW,19600.0
Sep-20,NSW,16720.0
Oct-20,NSW,15670.0
Nov-20,NSW,14830.0
Dec-20,NSW,17210.0
Jan-21,NSW,15830.0
Feb-21,NSW,11680.0
Mar-21,NSW,11780.0
Apr-21,NSW,30130.0
May-21,NSW,53460.0
Jun-21,NSW,48090.0
Jul-21,NSW,28870.0
Aug-21,NSW,16280.0
Sep-21,NSW,12590.0
Oct-21,NSW,14110.0
Nov-21,NSW,41770.0
Dec-21,NSW,114140.0
Jan-22,NSW,89530.0
Feb-22,NSW,75490.0
Mar-22,NSW,134910.0
Apr-22,NSW,241010.0
May-22,NSW,250770.0
Jun-22,NSW,321340.0
Jul-22,NSW,357810.0
Aug-22,NSW,330890.0
Sep-22,NSW,376760.0
Oct-22,NSW,358910.0
Nov-22,NSW,417620.0
Dec-22,NSW,558730.0
Jan-23,NSW,518670.0
Feb-23,NSW,398170.0
Mar-23,NSW,483740.0
Apr-23,NSW,520360.0
May-23,NSW,488500.0
Jun-23,NSW,542060.0
Jul-23,NSW,538450.0
Aug-23,NSW,541830.0
Sep-23,NSW,573280.0
Oct-23,NSW,536780.0
Nov-23,NSW,573330.0
Dec-23,NSW,767420.0
Jan-24,NSW,676300.0
Feb-24,NSW,561600.0
Mar-24,NSW,593530.0
Apr-24,NSW,627230.0
May-24,NSW,555290.0
Jun-24,NSW,587270.0
Jul-24,NSW,602310.0
Aug-24,NSW,586230.0
Sep-24,NSW,611820.0
Oct-24,NSW,599110.0
Nov-24,NSW,623750.0
Dec-24,NSW,822340.0
Jan-25,NSW,752550.0
Feb-25,NSW,569160.0
Mar-25,NSW,597470.0
Apr-25,NSW,683270.0
May-25,NSW,592020.0
Jun-25,NSW,614190.0
Jul-25,NSW,635040.0
Aug-25,NSW,637970.0
Jan-91,Vic.,70040.0
Feb-91,Vic.,57360.0
Mar-91,Vic.,72130.0
Apr-91,Vic.,74460.0
May-91,Vic.,65640.0
Jun-91,Vic.,67420.0
Jul-91,Vic.,76320.0
Aug-91,Vic.,69890.0
Sep-91,Vic.,74390.0
Oct-91,Vic.,65010.0
Nov-91,Vic.,77410.0
Dec-91,Vic.,88770.0
Jan-92,Vic.,73510.0
Feb-92,Vic.,67650.0
Mar-92,Vic.,74530.0
Apr-92,Vic.,75860.0
May-92,Vic.,69910.0
Jun-92,Vic.,73930.0
Jul-92,Vic.,76780.0
Aug-92,Vic.,69880.0
Sep-92,Vic.,76390.0
Oct-92,Vic.,66060.0
Nov-92,Vic.,76280.0
Dec-92,Vic.,92780.0
Jan-93,Vic.,77800.0
Feb-93,Vic.,65290.0
Mar-93,Vic.,77890.0
Apr-93,Vic.,79710.0
May-93,Vic.,79360.0
Jun-93,Vic.,74160.0
Jul-93,Vic.,78620.0
Aug-93,Vic.,71820.0
Sep-93,Vic.,77790.0
Oct-93,Vic.,68400.0
Nov-93,Vic.,78380.0
Dec-93,Vic.,93080.0
Jan-94,Vic.,81940.0
Feb-94,Vic.,67980.0
Mar-94,Vic.,86540.0
Apr-94,Vic.,81100.0
May-94,Vic.,74130.0
Jun-94,Vic.,78140.0
Jul-94,Vic.,82750.0
Aug-94,Vic.,74000.0
Sep-94,Vic.,83610.0
Oct-94,Vic.,72750.0
Nov-94,Vic.,79790.0
Dec-94,Vic.,104040.0
Jan-95,Vic.,88460.0
Feb-95,Vic.,76960.0
Mar-95,Vic.,92900.0
Apr-95,Vic.,93350.0
May-95,Vic.,84660.0
Jun-95,Vic.,86320.0
Jul-95,Vic.,93420.0
Aug-95,Vic.,82910.0
Sep-95,Vic.,92010.0
Oct-95,Vic.,80530.0
Nov-95,Vic.,94510.0
Dec-95,Vic.,111360.0
Jan-96,Vic.,96690.0
Feb-96,Vic.,85520.0
Mar-96,Vic.,104760.0
Apr-96,Vic.,100840.0
May-96,Vic.,89700.0
Jun-96,Vic.,102120.0
Jul-96,Vic.,98730.0
Aug-96,Vic.,95010.0
Sep-96,Vic.,105900.0
Oct-96,Vic.,88280.0
Nov-96,Vic.,108430.0
Dec-96,Vic.,122200.0
Jan-97,Vic.,110090.0
Feb-97,Vic.,93140.0
Mar-97,Vic.,118280.0
Apr-97,Vic.,108160.0
May-97,Vic.,101080.0
Jun-97,Vic.,115620.0
Jul-97,Vic.,114200.0
Aug-97,Vic.,108370.0
Sep-97,Vic.,112120.0
Oct-97,Vic.,100350.0
Nov-97,Vic.,111630.0
Dec-97,Vic.,130820.0
Jan-98,Vic.,112230.0
Feb-98,Vic.,96640.0
Mar-98,Vic.,114310.0
Apr-98,Vic.,117160.0
May-98,Vic.,111530.0
Jun-98,Vic.,117170.0
Jul-98,Vic.,113050.0
Aug-98,Vic.,112210.0
Sep-98,Vic.,113550.0
Oct-98,Vic.,118030.0
Nov-98,Vic.,123870.0
Dec-98,Vic.,136400.0
Jan-99,Vic.,125740.0
Feb-99,Vic.,105140.0
Mar-99,Vic.,131060.0
Apr-99,Vic.,117600.0
May-99,Vic.,109930.0
Jun-99,Vic.,129320.0
Jul-99,Vic.,115410.0
Aug-99,Vic.,123560.0
Sep-99,Vic.,119850.0
Oct-99,Vic.,119170.0
Nov-99,Vic.,125970.0
Dec-99,Vic.,137630.0
Jan-00,Vic.,127860.0
Feb-00,Vic.,110790.0
Mar-00,Vic.,133660.0
Apr-00,Vic.,135580.0
May-00,Vic.,122440.0
Jun-00,Vic.,134970.0
Jul-00,Vic.,117820.0
Aug-00,Vic.,134600.0
Sep-00,Vic.,136850.0
Oct-00,Vic.,124110.0
Nov-00,Vic.,138710.0
Dec-00,Vic.,162720.0
Jan-01,Vic.,153950.0
Feb-01,Vic.,118890.0
Mar-01,Vic.,145540.0
Apr-01,Vic.,143550.0
May-01,Vic.,129850.0
Jun-01,Vic.,147060.0
Jul-01,Vic.,136900.0
Aug-01,Vic.,138660.0
Sep-01,Vic.,135010.0
Oct-01,Vic.,113870.0
Nov-01,Vic.,127080.0
Dec-01,Vic.,156290.0
Jan-02,Vic.,147060.0
Feb-02,Vic.,118650.0
Mar-02,Vic.,164970.0
Apr-02,Vic.,129420.0
May-02,Vic.,131430.0
Jun-02,Vic.,144280.0
Jul-02,Vic.,132730.0
Aug-02,Vic.,135350.0
Sep-02,Vic.,139850.0
Oct-02,Vic.,126910.0
Nov-02,Vic.,134790.0
Dec-02,Vic.,165810.0
Jan-03,Vic.,148890.0
Feb-03,Vic.,118650.0
Mar-03,Vic.,131970.0
Apr-03,Vic.,116080.0
May-03,Vic.,107570.0
Jun-03,Vic.,128050.0
Jul-03,Vic.,126600.0
Aug-03,Vic.,138600.0
Sep-03,Vic.,151070.0
Oct-03,Vic.,140310.0
Nov-03,Vic.,169800.0
Dec-03,Vic.,198000.0
Jan-04,Vic.,179060.0
Feb-04,Vic.,147070.0
Mar-04,Vic.,175800.0
Apr-04,Vic.,173190.0
May-04,Vic.,166080.0
Jun-04,Vic.,186240.0
Jul-04,Vic.,153130.0
Aug-04,Vic.,163730.0
Sep-04,Vic.,167780.0
Oct-04,Vic.,154950.0
Nov-04,Vic.,179920.0
Dec-04,Vic.,213690.0
Jan-05,Vic.,193320.0
Feb-05,Vic.,155610.0
Mar-05,Vic.,191140.0
Apr-05,Vic.,173860.0
May-05,Vic.,165570.0
Jun-05,Vic.,187410.0
Jul-05,Vic.,164790.0
Aug-05,Vic.,169130.0
Sep-05,Vic.,175490.0
Oct-05,Vic.,158010.0
Nov-05,Vic.,185870.0
Dec-05,Vic.,219770.0
Jan-06,Vic.,189340.0
Feb-06,Vic.,153860.0
Mar-06,Vic.,185130.0
Apr-06,Vic.,178660.0
May-06,Vic.,170180.0
Jun-06,Vic.,206900.0
Jul-06,Vic.,159290.0
Aug-06,Vic.,173460.0
Sep-06,Vic.,189470.0
Oct-06,Vic.,162980.0
Nov-06,Vic.,189590.0
Dec-06,Vic.,235010.0
Jan-07,Vic.,207120.0
Feb-07,Vic.,162090.0
Mar-07,Vic.,203740.0
Apr-07,Vic.,190630.0
May-07,Vic.,183860.0
Jun-07,Vic.,206260.0
Jul-07,Vic.,192230.0
Aug-07,Vic.,191830.0
Sep-07,Vic.,207050.0
Oct-07,Vic.,179520.0
Nov-07,Vic.,209140.0
Dec-07,Vic.,249800.0
Jan-08,Vic.,214220.0
Feb-08,Vic.,182210.0
Mar-08,Vic.,228120.0
Apr-08,Vic.,193580.0
May-08,Vic.,199320.0
Jun-08,Vic.,223740.0
Jul-08,Vic.,190450.0
Aug-08,Vic.,201080.0
Sep-08,Vic.,208340.0
Oct-08,Vic.,188500.0
Nov-08,Vic.,211080.0
Dec-08,Vic.,259110.0
Jan-09,Vic.,217900.0
Feb-09,Vic.,177300.0
Mar-09,Vic.,209190.0
Apr-09,Vic.,218580.0
May-09,Vic.,203940.0
Jun-09,Vic.,239640.0
Jul-09,Vic.,202400.0
Aug-09,Vic.,213670.0
Sep-09,Vic.,238450.0
Oct-09,Vic.,214080.0
Nov-09,Vic.,237470.0
Dec-09,Vic.,295850.0
Jan-10,Vic.,248620.0
Feb-10,Vic.,205140.0
Mar-10,Vic.,251870.0
Apr-10,Vic.,220190.0
May-10,Vic.,223620.0
Jun-10,Vic.,278830.0
Jul-10,Vic.,233360.0
Aug-10,Vic.,246180.0
Sep-10,Vic.,268950.0
Oct-10,Vic.,243780.0
Nov-10,Vic.,257790.0
Dec-10,Vic.,324510.0
Jan-11,Vic.,286640.0
Feb-11,Vic.,221750.0
Mar-11,Vic.,243540.0
Apr-11,Vic.,281020.0
May-11,Vic.,250130.0
Jun-11,Vic.,286620.0
Jul-11,Vic.,271870.0
Aug-11,Vic.,265420.0
Sep-11,Vic.,289910.0
Oct-11,Vic.,254850.0
Nov-11,Vic.,269960.0
Dec-11,Vic.,345460.0
Jan-12,Vic.,301750.0
Feb-12,Vic.,232480.0
Mar-12,Vic.,287600.0
Apr-12,Vic.,270490.0
May-12,Vic.,263780.0
Jun-12,Vic.,314230.0
Jul-12,Vic.,271430.0
Aug-12,Vic.,282670.0
Sep-12,Vic.,303230.0
Oct-12,Vic.,264900.0
Nov-12,Vic.,291310.0
Dec-12,Vic.,360710.0
Jan-13,Vic.,306570.0
Feb-13,Vic.,245270.0
Mar-13,Vic.,314510.0
Apr-13,Vic.,272910.0
May-13,Vic.,286910.0
Jun-13,Vic.,333560.0
Jul-13,Vic.,302120.0
Aug-13,Vic.,316590.0
Sep-13,Vic.,321570.0
Oct-13,Vic.,277510.0
Nov-13,Vic.,303250.0
Dec-13,Vic.,392790.0
Jan-14,Vic.,340580.0
Feb-14,Vic.,264520.0
Mar-14,Vic.,303920.0
Apr-14,Vic.,328920.0
May-14,Vic.,308620.0
Jun-14,Vic.,365200.0
Jul-14,Vic.,316740.0
Aug-14,Vic.,336640.0
Sep-14,Vic.,331120.0
Oct-14,Vic.,306300.0
Nov-14,Vic.,331910.0
Dec-14,Vic.,407410.0
Jan-15,Vic.,351830.0
Feb-15,Vic.,299890.0
Mar-15,Vic.,369540.0
Apr-15,Vic.,323510.0
May-15,Vic.,321850.0
Jun-15,Vic.,388400.0
Jul-15,Vic.,342350.0
Aug-15,Vic.,340700.0
Sep-15,Vic.,354900.0
Oct-15,Vic.,333970.0
Nov-15,Vic.,362100.0
Dec-15,Vic.,453180.0
Jan-16,Vic.,399350.0
Feb-16,Vic.,330750.0
Mar-16,Vic.,391590.0
Apr-16,Vic.,335810.0
May-16,Vic.,349590.0
Jun-16,Vic.,432790.0
Jul-16,Vic.,376450.0
Aug-16,Vic.,381840.0
Sep-16,Vic.,392720.0
Oct-16,Vic.,366620.0
Nov-16,Vic.,381240.0
Dec-16,Vic.,502170.0
Jan-17,Vic.,443300.0
Feb-17,Vic.,338200.0
Mar-17,Vic.,399120.0
Apr-17,Vic.,409970.0
May-17,Vic.,373980.0
Jun-17,Vic.,448440.0
Jul-17,Vic.,424630.0
Aug-17,Vic.,427020.0
Sep-17,Vic.,435480.0
Oct-17,Vic.,396660.0
Nov-17,Vic.,430380.0
Dec-17,Vic.,531430.0
Jan-18,Vic.,470810.0
Feb-18,Vic.,393930.0
Mar-18,Vic.,474710.0
Apr-18,Vic.,421800.0
May-18,Vic.,415120.0
Jun-18,Vic.,516320.0
Jul-18,Vic.,436900.0
Aug-18,Vic.,465940.0
Sep-18,Vic.,469910.0
Oct-18,Vic.,421480.0
Nov-18,Vic.,463830.0
Dec-18,Vic.,574090.0
Jan-19,Vic.,504860.0
Feb-19,Vic.,407230.0
Mar-19,Vic.,453730.0
Apr-19,Vic.,487600.0
May-19,Vic.,435130.0
Jun-19,Vic.,525630.0
Jul-19,Vic.,454400.0
Aug-19,Vic.,475720.0
Sep-19,Vic.,477330.0
Oct-19,Vic.,429240.0
Nov-19,Vic.,475370.0
Dec-19,Vic.,595470.0
Jan-20,Vic.,523130.0
Feb-20,Vic.,335880.0
Mar-20,Vic.,226070.0
Apr-20,Vic.,15710.0
May-20,Vic.,9560.0
Jun-20,Vic.,10550.0
Jul-20,Vic.,18270.0
Aug-20,Vic.,21140.0
Sep-20,Vic.,16900.0
Oct-20,Vic.,15010.0
Nov-20,Vic.,14480.0
Dec-20,Vic.,15820.0
Jan-21,Vic.,12310.0
Feb-21,Vic.,9560.0
Mar-21,Vic.,9520.0
Apr-21,Vic.,14290.0
May-21,Vic.,20120.0
Jun-21,Vic.,14310.0
Jul-21,Vic.,20620.0
Aug-21,Vic.,8630.0
Sep-21,Vic.,8000.0
Oct-21,Vic.,10640.0
Nov-21,Vic.,29510.0
Dec-21,Vic.,73450.0
Jan-22,Vic.,63060.0
Feb-22,Vic.,57030.0
Mar-22,Vic.,99850.0
Apr-22,Vic.,174720.0
May-22,Vic.,183700.0
Jun-22,Vic.,262290.0
Jul-22,Vic.,259240.0
Aug-22,Vic.,257870.0
Sep-22,Vic.,280350.0
Oct-22,Vic.,271890.0
Nov-22,Vic.,314730.0
Dec-22,Vic.,400940.0
Jan-23,Vic.,369650.0
Feb-23,Vic.,274860.0
Mar-23,Vic.,345760.0
Apr-23,Vic.,384750.0
May-23,Vic.,371710.0
Jun-23,Vic.,452710.0
Jul-23,Vic.,390830.0
Aug-23,Vic.,402680.0
Sep-23,Vic.,423360.0
Oct-23,Vic.,387990.0
Nov-23,Vic.,427270.0
Dec-23,Vic.,537310.0
Jan-24,Vic.,472810.0
Feb-24,Vic.,394820.0
Mar-24,Vic.,470870.0
Apr-24,Vic.,406120.0
May-24,Vic.,416240.0
Jun-24,Vic.,500570.0
Jul-24,Vic.,425250.0
Aug-24,Vic.,436900.0
Sep-24,Vic.,482180.0
Oct-24,Vic.,424810.0
Nov-24,Vic.,472310.0
Dec-24,Vic.,595170.0
Jan-25,Vic.,547600.0
Feb-25,Vic.,391420.0
Mar-25,Vic.,453670.0
Apr-25,Vic.,516260.0
May-25,Vic.,439400.0
Jun-25,Vic.,486060.0
Jul-25,Vic.,475860.0
Aug-25,Vic.,467880.0
Jan-91,Qld,71710.0
Feb-91,Qld,57650.0
Mar-91,Qld,67350.0
Apr-91,Qld,61490.0
May-91,Qld,68180.0
Jun-91,Qld,81550.0
Jul-91,Qld,79880.0
Aug-91,Qld,89150.0
Sep-91,Qld,86100.0
Oct-91,Qld,79080.0
Nov-91,Qld,80730.0
Dec-91,Qld,85820.0
Jan-92,Qld,79140.0
Feb-92,Qld,74190.0
Mar-92,Qld,78110.0
Apr-92,Qld,76550.0
May-92,Qld,78260.0
Jun-92,Qld,81860.0
Jul-92,Qld,83210.0
Aug-92,Qld,95880.0
Sep-92,Qld,93980.0
Oct-92,Qld,81200.0
Nov-92,Qld,91950.0
Dec-92,Qld,106260.0
Jan-93,Qld,101530.0
Feb-93,Qld,82520.0
Mar-93,Qld,94680.0
Apr-93,Qld,86190.0
May-93,Qld,95310.0
Jun-93,Qld,96400.0
Jul-93,Qld,93660.0
Aug-93,Qld,109260.0
Sep-93,Qld,105360.0
Oct-93,Qld,91670.0
Nov-93,Qld,106190.0
Dec-93,Qld,123300.0
Jan-94,Qld,110200.0
Feb-94,Qld,96160.0
Mar-94,Qld,101620.0
Apr-94,Qld,93840.0
May-94,Qld,94960.0
Jun-94,Qld,99590.0
Jul-94,Qld,100720.0
Aug-94,Qld,121400.0
Sep-94,Qld,113540.0
Oct-94,Qld,112940.0
Nov-94,Qld,116660.0
Dec-94,Qld,125510.0
Jan-95,Qld,123110.0
Feb-95,Qld,102070.0
Mar-95,Qld,111530.0
Apr-95,Qld,110830.0
May-95,Qld,108540.0
Jun-95,Qld,113820.0
Jul-95,Qld,116050.0
Aug-95,Qld,144590.0
Sep-95,Qld,128760.0
Oct-95,Qld,116870.0
Nov-95,Qld,127130.0
Dec-95,Qld,138480.0
Jan-96,Qld,131900.0
Feb-96,Qld,121840.0
Mar-96,Qld,126450.0
Apr-96,Qld,124240.0
May-96,Qld,116660.0
Jun-96,Qld,133080.0
Jul-96,Qld,142890.0
Aug-96,Qld,163140.0
Sep-96,Qld,142550.0
Oct-96,Qld,132310.0
Nov-96,Qld,141700.0
Dec-96,Qld,156370.0
Jan-97,Qld,147750.0
Feb-97,Qld,128040.0
Mar-97,Qld,143290.0
Apr-97,Qld,131850.0
May-97,Qld,122900.0
Jun-97,Qld,132050.0
Jul-97,Qld,145390.0
Aug-97,Qld,165810.0
Sep-97,Qld,156670.0
Oct-97,Qld,141050.0
Nov-97,Qld,149510.0
Dec-97,Qld,147610.0
Jan-98,Qld,141890.0
Feb-98,Qld,120680.0
Mar-98,Qld,123930.0
Apr-98,Qld,136380.0
May-98,Qld,129230.0
Jun-98,Qld,143190.0
Jul-98,Qld,138840.0
Aug-98,Qld,166630.0
Sep-98,Qld,149460.0
Oct-98,Qld,142010.0
Nov-98,Qld,146850.0
Dec-98,Qld,149720.0
Jan-99,Qld,148920.0
Feb-99,Qld,122110.0
Mar-99,Qld,131530.0
Apr-99,Qld,142480.0
May-99,Qld,133340.0
Jun-99,Qld,148510.0
Jul-99,Qld,151070.0
Aug-99,Qld,178950.0
Sep-99,Qld,166390.0
Oct-99,Qld,154750.0
Nov-99,Qld,161540.0
Dec-99,Qld,161960.0
Jan-00,Qld,148280.0
Feb-00,Qld,134950.0
Mar-00,Qld,138000.0
Apr-00,Qld,158500.0
May-00,Qld,142930.0
Jun-00,Qld,143440.0
Jul-00,Qld,166960.0
Aug-00,Qld,176500.0
Sep-00,Qld,140300.0
Oct-00,Qld,150850.0
Nov-00,Qld,166410.0
Dec-00,Qld,175660.0
Jan-01,Qld,173110.0
Feb-01,Qld,126440.0
Mar-01,Qld,151200.0
Apr-01,Qld,160390.0
May-01,Qld,143630.0
Jun-01,Qld,166160.0
Jul-01,Qld,165310.0
Aug-01,Qld,189560.0
Sep-01,Qld,166020.0
Oct-01,Qld,145450.0
Nov-01,Qld,140310.0
Dec-01,Qld,157700.0
Jan-02,Qld,143960.0
Feb-02,Qld,130210.0
Mar-02,Qld,151550.0
Apr-02,Qld,145080.0
May-02,Qld,139500.0
Jun-02,Qld,156540.0
Jul-02,Qld,167420.0
Aug-02,Qld,186690.0
Sep-02,Qld,169600.0
Oct-02,Qld,157790.0
Nov-02,Qld,174690.0
Dec-02,Qld,180710.0
Jan-03,Qld,165500.0
Feb-03,Qld,136060.0
Mar-03,Qld,148330.0
Apr-03,Qld,134790.0
May-03,Qld,123230.0
Jun-03,Qld,147700.0
Jul-03,Qld,163930.0
Aug-03,Qld,188260.0
Sep-03,Qld,174330.0
Oct-03,Qld,169200.0
Nov-03,Qld,184000.0
Dec-03,Qld,191880.0
Jan-04,Qld,188380.0
Feb-04,Qld,154330.0
Mar-04,Qld,167560.0
Apr-04,Qld,175200.0
May-04,Qld,158380.0
Jun-04,Qld,178620.0
Jul-04,Qld,198460.0
Aug-04,Qld,227850.0
Sep-04,Qld,212300.0
Oct-04,Qld,196230.0
Nov-04,Qld,205590.0
Dec-04,Qld,222330.0
Jan-05,Qld,203120.0
Feb-05,Qld,169300.0
Mar-05,Qld,200250.0
Apr-05,Qld,181270.0
May-05,Qld,183360.0
Jun-05,Qld,207840.0
Jul-05,Qld,210100.0
Aug-05,Qld,249600.0
Sep-05,Qld,216900.0
Oct-05,Qld,209720.0
Nov-05,Qld,213640.0
Dec-05,Qld,225270.0
Jan-06,Qld,211210.0
Feb-06,Qld,177030.0
Mar-06,Qld,192890.0
Apr-06,Qld,204750.0
May-06,Qld,184640.0
Jun-06,Qld,204050.0
Jul-06,Qld,218310.0
Aug-06,Qld,241500.0
Sep-06,Qld,229550.0
Oct-06,Qld,215820.0
Nov-06,Qld,209310.0
Dec-06,Qld,241730.0
Jan-07,Qld,211560.0
Feb-07,Qld,184830.0
Mar-07,Qld,209660.0
Apr-07,Qld,204230.0
May-07,Qld,187940.0
Jun-07,Qld,215740.0
Jul-07,Qld,224750.0
Aug-07,Qld,252370.0
Sep-07,Qld,240390.0
Oct-07,Qld,217740.0
Nov-07,Qld,224530.0
Dec-07,Qld,257210.0
Jan-08,Qld,218330.0
Feb-08,Qld,193920.0
Mar-08,Qld,211790.0
Apr-08,Qld,198740.0
May-08,Qld,203710.0
Jun-08,Qld,218710.0
Jul-08,Qld,218200.0
Aug-08,Qld,255980.0
Sep-08,Qld,225980.0
Oct-08,Qld,216400.0
Nov-08,Qld,222250.0
Dec-08,Qld,254480.0
Jan-09,Qld,218050.0
Feb-09,Qld,184510.0
Mar-09,Qld,204640.0
Apr-09,Qld,212160.0
May-09,Qld,201890.0
Jun-09,Qld,218160.0
Jul-09,Qld,216090.0
Aug-09,Qld,245160.0
Sep-09,Qld,247760.0
Oct-09,Qld,223810.0
Nov-09,Qld,232200.0
Dec-09,Qld,267750.0
Jan-10,Qld,227490.0
Feb-10,Qld,198150.0
Mar-10,Qld,221900.0
Apr-10,Qld,215980.0
May-10,Qld,205100.0
Jun-10,Qld,237550.0
Jul-10,Qld,236730.0
Aug-10,Qld,268530.0
Sep-10,Qld,256550.0
Oct-10,Qld,238160.0
Nov-10,Qld,246180.0
Dec-10,Qld,289060.0
Jan-11,Qld,235120.0
Feb-11,Qld,198680.0
Mar-11,Qld,209120.0
Apr-11,Qld,228810.0
May-11,Qld,219520.0
Jun-11,Qld,237490.0
Jul-11,Qld,241680.0
Aug-11,Qld,270280.0
Sep-11,Qld,262550.0
Oct-11,Qld,237330.0
Nov-11,Qld,249010.0
Dec-11,Qld,296940.0
Jan-12,Qld,244420.0
Feb-12,Qld,206480.0
Mar-12,Qld,237440.0
Apr-12,Qld,232200.0
May-12,Qld,216270.0
Jun-12,Qld,255230.0
Jul-12,Qld,249070.0
Aug-12,Qld,280210.0
Sep-12,Qld,273300.0
Oct-12,Qld,250160.0
Nov-12,Qld,264440.0
Dec-12,Qld,308840.0
Jan-13,Qld,248210.0
Feb-13,Qld,223210.0
Mar-13,Qld,256140.0
Apr-13,Qld,232410.0
May-13,Qld,233380.0
Jun-13,Qld,268810.0
Jul-13,Qld,253480.0
Aug-13,Qld,294350.0
Sep-13,Qld,280200.0
Oct-13,Qld,263590.0
Nov-13,Qld,265730.0
Dec-13,Qld,323040.0
Jan-14,Qld,264090.0
Feb-14,Qld,246570.0
Mar-14,Qld,247990.0
Apr-14,Qld,262780.0
May-14,Qld,240920.0
Jun-14,Qld,264150.0
Jul-14,Qld,267650.0
Aug-14,Qld,311590.0
Sep-14,Qld,281770.0
Oct-14,Qld,270310.0
Nov-14,Qld,276610.0
Dec-14,Qld,326150.0
Jan-15,Qld,278260.0
Feb-15,Qld,242850.0
Mar-15,Qld,265130.0
Apr-15,Qld,270220.0
May-15,Qld,247980.0
Jun-15,Qld,273170.0
Jul-15,Qld,287220.0
Aug-15,Qld,341190.0
Sep-15,Qld,304220.0
Oct-15,Qld,306440.0
Nov-15,Qld,286990.0
Dec-15,Qld,356570.0
Jan-16,Qld,300640.0
Feb-16,Qld,273030.0
Mar-16,Qld,304550.0
Apr-16,Qld,273040.0
May-16,Qld,264340.0
Jun-16,Qld,305130.0
Jul-16,Qld,299300.0
Aug-16,Qld,334130.0
Sep-16,Qld,323920.0
Oct-16,Qld,310470.0
Nov-16,Qld,304910.0
Dec-16,Qld,371100.0
Jan-17,Qld,314420.0
Feb-17,Qld,263840.0
Mar-17,Qld,301700.0
Apr-17,Qld,312000.0
May-17,Qld,290060.0
Jun-17,Qld,310000.0
Jul-17,Qld,297820.0
Aug-17,Qld,340070.0
Sep-17,Qld,332060.0
Oct-17,Qld,314790.0
Nov-17,Qld,311360.0
Dec-17,Qld,384810.0
Jan-18,Qld,311610.0
Feb-18,Qld,279270.0
Mar-18,Qld,325010.0
Apr-18,Qld,303830.0
May-18,Qld,289980.0
Jun-18,Qld,322750.0
Jul-18,Qld,320140.0
Aug-18,Qld,368610.0
Sep-18,Qld,346830.0
Oct-18,Qld,319240.0
Nov-18,Qld,316890.0
Dec-18,Qld,397420.0
Jan-19,Qld,331130.0
Feb-19,Qld,274160.0
Mar-19,Qld,309710.0
Apr-19,Qld,325040.0
May-19,Qld,302060.0
Jun-19,Qld,330520.0
Jul-19,Qld,318300.0
Aug-19,Qld,375240.0
Sep-19,Qld,345500.0
Oct-19,Qld,322430.0
Nov-19,Qld,330560.0
Dec-19,Qld,410770.0
Jan-20,Qld,344490.0
Feb-20,Qld,247210.0
Mar-20,Qld,154350.0
Apr-20,Qld,12470.0
May-20,Qld,6120.0
Jun-20,Qld,7650.0
Jul-20,Qld,9200.0
Aug-20,Qld,9480.0
Sep-20,Qld,7290.0
Oct-20,Qld,7130.0
Nov-20,Qld,7380.0
Dec-20,Qld,7310.0
Jan-21,Qld,6560.0
Feb-21,Qld,5330.0
Mar-21,Qld,4740.0
Apr-21,Qld,12040.0
May-21,Qld,22120.0
Jun-21,Qld,23960.0
Jul-21,Qld,22120.0
Aug-21,Qld,5670.0
Sep-21,Qld,4370.0
Oct-21,Qld,5450.0
Nov-21,Qld,8550.0
Dec-21,Qld,18710.0
Jan-22,Qld,15420.0
Feb-22,Qld,22400.0
Mar-22,Qld,54270.0
Apr-22,Qld,94660.0
May-22,Qld,110190.0
Jun-22,Qld,147060.0
Jul-22,Qld,163570.0
Aug-22,Qld,183030.0
Sep-22,Qld,192600.0
Oct-22,Qld,193080.0
Nov-22,Qld,221550.0
Dec-22,Qld,266070.0
Jan-23,Qld,223190.0
Feb-23,Qld,191750.0
Mar-23,Qld,236340.0
Apr-23,Qld,243000.0
May-23,Qld,238640.0
Jun-23,Qld,282110.0
Jul-23,Qld,265520.0
Aug-23,Qld,298800.0
Sep-23,Qld,298530.0
Oct-23,Qld,279500.0
Nov-23,Qld,298570.0
Dec-23,Qld,352800.0
Jan-24,Qld,282030.0
Feb-24,Qld,269090.0
Mar-24,Qld,329370.0
Apr-24,Qld,298780.0
May-24,Qld,283020.0
Jun-24,Qld,331570.0
Jul-24,Qld,307330.0
Aug-24,Qld,348510.0
Sep-24,Qld,344460.0
Oct-24,Qld,316410.0
Nov-24,Qld,340770.0
Dec-24,Qld,407490.0
Jan-25,Qld,346960.0
Feb-25,Qld,271010.0
Mar-25,Qld,294850.0
Apr-25,Qld,344260.0
May-25,Qld,309110.0
Jun-25,Qld,348500.0
Jul-25,Qld,339860.0
Aug-25,Qld,379960.0
Jan-91,SA,15830.0
Feb-91,SA,13260.0
Mar-91,SA,15470.0
Apr-91,SA,17050.0
May-91,SA,14380.0
Jun-91,SA,14200.0
Jul-91,SA,17520.0
Aug-91,SA,14180.0
Sep-91,SA,14930.0
Oct-91,SA,13240.0
Nov-91,SA,15870.0
Dec-91,SA,16750.0
Jan-92,SA,15700.0
Feb-92,SA,11680.0
Mar-92,SA,15550.0
Apr-92,SA,18060.0
May-92,SA,15300.0
Jun-92,SA,13330.0
Jul-92,SA,17760.0
Aug-92,SA,14840.0
Sep-92,SA,15170.0
Oct-92,SA,14780.0
Nov-92,SA,15730.0
Dec-92,SA,19260.0
Jan-93,SA,14810.0
Feb-93,SA,12900.0
Mar-93,SA,16150.0
Apr-93,SA,17230.0
May-93,SA,15980.0
Jun-93,SA,14500.0
Jul-93,SA,15830.0
Aug-93,SA,13700.0
Sep-93,SA,17620.0
Oct-93,SA,13490.0
Nov-93,SA,16430.0
Dec-93,SA,17020.0
Jan-94,SA,17730.0
Feb-94,SA,12890.0
Mar-94,SA,17610.0
Apr-94,SA,18710.0
May-94,SA,14960.0
Jun-94,SA,15010.0
Jul-94,SA,17610.0
Aug-94,SA,16990.0
Sep-94,SA,14920.0
Oct-94,SA,14610.0
Nov-94,SA,17380.0
Dec-94,SA,19570.0
Jan-95,SA,17770.0
Feb-95,SA,15090.0
Mar-95,SA,19070.0
Apr-95,SA,17240.0
May-95,SA,18010.0
Jun-95,SA,16740.0
Jul-95,SA,19910.0
Aug-95,SA,16320.0
Sep-95,SA,15850.0
Oct-95,SA,15010.0
Nov-95,SA,17160.0
Dec-95,SA,19530.0
Jan-96,SA,18630.0
Feb-96,SA,15430.0
Mar-96,SA,20160.0
Apr-96,SA,20620.0
May-96,SA,18110.0
Jun-96,SA,16260.0
Jul-96,SA,18900.0
Aug-96,SA,18590.0
Sep-96,SA,19730.0
Oct-96,SA,18010.0
Nov-96,SA,16150.0
Dec-96,SA,22270.0
Jan-97,SA,19420.0
Feb-97,SA,16580.0
Mar-97,SA,20450.0
Apr-97,SA,21990.0
May-97,SA,21020.0
Jun-97,SA,17000.0
Jul-97,SA,20600.0
Aug-97,SA,19340.0
Sep-97,SA,20800.0
Oct-97,SA,18350.0
Nov-97,SA,20710.0
Dec-97,SA,22840.0
Jan-98,SA,21910.0
Feb-98,SA,17590.0
Mar-98,SA,21690.0
Apr-98,SA,23730.0
May-98,SA,21940.0
Jun-98,SA,18160.0
Jul-98,SA,20400.0
Aug-98,SA,19510.0
Sep-98,SA,21410.0
Oct-98,SA,19760.0
Nov-98,SA,21080.0
Dec-98,SA,25190.0
Jan-99,SA,22560.0
Feb-99,SA,18600.0
Mar-99,SA,23170.0
Apr-99,SA,23560.0
May-99,SA,23120.0
Jun-99,SA,19830.0
Jul-99,SA,24590.0
Aug-99,SA,25580.0
Sep-99,SA,23720.0
Oct-99,SA,22210.0
Nov-99,SA,18850.0
Dec-99,SA,22990.0
Jan-00,SA,20230.0
Feb-00,SA,17190.0
Mar-00,SA,22290.0
Apr-00,SA,29400.0
May-00,SA,24190.0
Jun-00,SA,23510.0
Jul-00,SA,25090.0
Aug-00,SA,25800.0
Sep-00,SA,25030.0
Oct-00,SA,17910.0
Nov-00,SA,20970.0
Dec-00,SA,26160.0
Jan-01,SA,25820.0
Feb-01,SA,17930.0
Mar-01,SA,25590.0
Apr-01,SA,27980.0
May-01,SA,23040.0
Jun-01,SA,22570.0
Jul-01,SA,26670.0
Aug-01,SA,24790.0
Sep-01,SA,24070.0
Oct-01,SA,22340.0
Nov-01,SA,21540.0
Dec-01,SA,26880.0
Jan-02,SA,24580.0
Feb-02,SA,20970.0
Mar-02,SA,24110.0
Apr-02,SA,28130.0
May-02,SA,21820.0
Jun-02,SA,21190.0
Jul-02,SA,26240.0
Aug-02,SA,23910.0
Sep-02,SA,24580.0
Oct-02,SA,21320.0
Nov-02,SA,22250.0
Dec-02,SA,27520.0
Jan-03,SA,26050.0
Feb-03,SA,17410.0
Mar-03,SA,21910.0
Apr-03,SA,20720.0
May-03,SA,20240.0
Jun-03,SA,17170.0
Jul-03,SA,24230.0
Aug-03,SA,23400.0
Sep-03,SA,24120.0
Oct-03,SA,22040.0
Nov-03,SA,22590.0
Dec-03,SA,30140.0
Jan-04,SA,30580.0
Feb-04,SA,21480.0
Mar-04,SA,29040.0
Apr-04,SA,32550.0
May-04,SA,28710.0
Jun-04,SA,27840.0
Jul-04,SA,30430.0
Aug-04,SA,30090.0
Sep-04,SA,30070.0
Oct-04,SA,27350.0
Nov-04,SA,28020.0
Dec-04,SA,35360.0
Jan-05,SA,32730.0
Feb-05,SA,24940.0
Mar-05,SA,32780.0
Apr-05,SA,34340.0
May-05,SA,30740.0
Jun-05,SA,27670.0
Jul-05,SA,36510.0
Aug-05,SA,32650.0
Sep-05,SA,31990.0
Oct-05,SA,29800.0
Nov-05,SA,28690.0
Dec-05,SA,36920.0
Jan-06,SA,30850.0
Feb-06,SA,25490.0
Mar-06,SA,33630.0
Apr-06,SA,36920.0
May-06,SA,32700.0
Jun-06,SA,29820.0
Jul-06,SA,35400.0
Aug-06,SA,34240.0
Sep-06,SA,33560.0
Oct-06,SA,30800.0
Nov-06,SA,30310.0
Dec-06,SA,41350.0
Jan-07,SA,35330.0
Feb-07,SA,28400.0
Mar-07,SA,40640.0
Apr-07,SA,41470.0
May-07,SA,33450.0
Jun-07,SA,29870.0
Jul-07,SA,37180.0
Aug-07,SA,36270.0
Sep-07,SA,36900.0
Oct-07,SA,33640.0
Nov-07,SA,34040.0
Dec-07,SA,43360.0
Jan-08,SA,38270.0
Feb-08,SA,30390.0
Mar-08,SA,37300.0
Apr-08,SA,41960.0
May-08,SA,36200.0
Jun-08,SA,33000.0
Jul-08,SA,39160.0
Aug-08,SA,39140.0
Sep-08,SA,38280.0
Oct-08,SA,35190.0
Nov-08,SA,34680.0
Dec-08,SA,45210.0
Jan-09,SA,38200.0
Feb-09,SA,29220.0
Mar-09,SA,35790.0
Apr-09,SA,41610.0
May-09,SA,36160.0
Jun-09,SA,35140.0
Jul-09,SA,42530.0
Aug-09,SA,38350.0
Sep-09,SA,42990.0
Oct-09,SA,38100.0
Nov-09,SA,40020.0
Dec-09,SA,49870.0
Jan-10,SA,43010.0
Feb-10,SA,33460.0
Mar-10,SA,42070.0
Apr-10,SA,46170.0
May-10,SA,41190.0
Jun-10,SA,42290.0
Jul-10,SA,48890.0
Aug-10,SA,44810.0
Sep-10,SA,47540.0
Oct-10,SA,40840.0
Nov-10,SA,44250.0
Dec-10,SA,52990.0
Jan-11,SA,45620.0
Feb-11,SA,34450.0
Mar-11,SA,41290.0
Apr-11,SA,49860.0
May-11,SA,44560.0
Jun-11,SA,41970.0
Jul-11,SA,52550.0
Aug-11,SA,47560.0
Sep-11,SA,46980.0
Oct-11,SA,45300.0
Nov-11,SA,44720.0
Dec-11,SA,54440.0
Jan-12,SA,48050.0
Feb-12,SA,37460.0
Mar-12,SA,46460.0
Apr-12,SA,50920.0
May-12,SA,45600.0
Jun-12,SA,49200.0
Jul-12,SA,48200.0
Aug-12,SA,47290.0
Sep-12,SA,52890.0
Oct-12,SA,43220.0
Nov-12,SA,49530.0
Dec-12,SA,58370.0
Jan-13,SA,48810.0
Feb-13,SA,39520.0
Mar-13,SA,47790.0
Apr-13,SA,54240.0
May-13,SA,48770.0
Jun-13,SA,46920.0
Jul-13,SA,58340.0
Aug-13,SA,50920.0
Sep-13,SA,54110.0
Oct-13,SA,47970.0
Nov-13,SA,51750.0
Dec-13,SA,68250.0
Jan-14,SA,57910.0
Feb-14,SA,44260.0
Mar-14,SA,54000.0
Apr-14,SA,60950.0
May-14,SA,56000.0
Jun-14,SA,56760.0
Jul-14,SA,63890.0
Aug-14,SA,59970.0
Sep-14,SA,60020.0
Oct-14,SA,51940.0
Nov-14,SA,52810.0
Dec-14,SA,67010.0
Jan-15,SA,57920.0
Feb-15,SA,46720.0
Mar-15,SA,55300.0
Apr-15,SA,60870.0
May-15,SA,55470.0
Jun-15,SA,54540.0
Jul-15,SA,65310.0
Aug-15,SA,56100.0
Sep-15,SA,58140.0
Oct-15,SA,52950.0
Nov-15,SA,53770.0
Dec-15,SA,69480.0
Jan-16,SA,61970.0
Feb-16,SA,47260.0
Mar-16,SA,53110.0
Apr-16,SA,64000.0
May-16,SA,57570.0
Jun-16,SA,55130.0
Jul-16,SA,73250.0
Aug-16,SA,62170.0
Sep-16,SA,62250.0
Oct-16,SA,60780.0
Nov-16,SA,58330.0
Dec-16,SA,75430.0
Jan-17,SA,67230.0
Feb-17,SA,50150.0
Mar-17,SA,58450.0
Apr-17,SA,69500.0
May-17,SA,62260.0
Jun-17,SA,58870.0
Jul-17,SA,73350.0
Aug-17,SA,63840.0
Sep-17,SA,64060.0
Oct-17,SA,61460.0
Nov-17,SA,58510.0
Dec-17,SA,76440.0
Jan-18,SA,68710.0
Feb-18,SA,50840.0
Mar-18,SA,62230.0
Apr-18,SA,69080.0
May-18,SA,63650.0
Jun-18,SA,63640.0
Jul-18,SA,70780.0
Aug-18,SA,66740.0
Sep-18,SA,66010.0
Oct-18,SA,61740.0
Nov-18,SA,63640.0
Dec-18,SA,79140.0
Jan-19,SA,71090.0
Feb-19,SA,52770.0
Mar-19,SA,62380.0
Apr-19,SA,70240.0
May-19,SA,66870.0
Jun-19,SA,64600.0
Jul-19,SA,75780.0
Aug-19,SA,71140.0
Sep-19,SA,73770.0
Oct-19,SA,65400.0
Nov-19,SA,67630.0
Dec-19,SA,83870.0
Jan-20,SA,74970.0
Feb-20,SA,48290.0
Mar-20,SA,32640.0
Apr-20,SA,2100.0
May-20,SA,1170.0
Jun-20,SA,1340.0
Jul-20,SA,2050.0
Aug-20,SA,2140.0
Sep-20,SA,1760.0
Oct-20,SA,1810.0
Nov-20,SA,1850.0
Dec-20,SA,1990.0
Jan-21,SA,1770.0
Feb-21,SA,1330.0
Mar-21,SA,1220.0
Apr-21,SA,1540.0
May-21,SA,2340.0
Jun-21,SA,2420.0
Jul-21,SA,2860.0
Aug-21,SA,1440.0
Sep-21,SA,1060.0
Oct-21,SA,1310.0
Nov-21,SA,2570.0
Dec-21,SA,5430.0
Jan-22,SA,5720.0
Feb-22,SA,6880.0
Mar-22,SA,11840.0
Apr-22,SA,20870.0
May-22,SA,24100.0
Jun-22,SA,28150.0
Jul-22,SA,41640.0
Aug-22,SA,35130.0
Sep-22,SA,38300.0
Oct-22,SA,42530.0
Nov-22,SA,45180.0
Dec-22,SA,57560.0
Jan-23,SA,55930.0
Feb-23,SA,41930.0
Mar-23,SA,52550.0
Apr-23,SA,61370.0
May-23,SA,55950.0
Jun-23,SA,54110.0
Jul-23,SA,73560.0
Aug-23,SA,57500.0
Sep-23,SA,60060.0
Oct-23,SA,61930.0
Nov-23,SA,59770.0
Dec-23,SA,76420.0
Jan-24,SA,66030.0
Feb-24,SA,52360.0
Mar-24,SA,58910.0
Apr-24,SA,70490.0
May-24,SA,62150.0
Jun-24,SA,64630.0
Jul-24,SA,71900.0
Aug-24,SA,66090.0
Sep-24,SA,70580.0
Oct-24,SA,63530.0
Nov-24,SA,68160.0
Dec-24,SA,83680.0
Jan-25,SA,75860.0
Feb-25,SA,55080.0
Mar-25,SA,63970.0
Apr-25,SA,76520.0
May-25,SA,69920.0
Jun-25,SA,71070.0
Jul-25,SA,76590.0
Aug-25,SA,71950.0
Jan-91,WA,40910.0
Feb-91,WA,31870.0
Mar-91,WA,37510.0
Apr-91,WA,41270.0
May-91,WA,35240.0
Jun-91,WA,38370.0
Jul-91,WA,36770.0
Aug-91,WA,33180.0
Sep-91,WA,38080.0
Oct-91,WA,34730.0
Nov-91,WA,40680.0
Dec-91,WA,48670.0
Jan-92,WA,41230.0
Feb-92,WA,34870.0
Mar-92,WA,39760.0
Apr-92,WA,41110.0
May-92,WA,36300.0
Jun-92,WA,38000.0
Jul-92,WA,42720.0
Aug-92,WA,38780.0
Sep-92,WA,44850.0
Oct-92,WA,39300.0
Nov-92,WA,42310.0
Dec-92,WA,55820.0
Jan-93,WA,47710.0
Feb-93,WA,32510.0
Mar-93,WA,41290.0
Apr-93,WA,45280.0
May-93,WA,38640.0
Jun-93,WA,47340.0
Jul-93,WA,46710.0
Aug-93,WA,42780.0
Sep-93,WA,40750.0
Oct-93,WA,43760.0
Nov-93,WA,48650.0
Dec-93,WA,59500.0
Jan-94,WA,51140.0
Feb-94,WA,43110.0
Mar-94,WA,53670.0
Apr-94,WA,51500.0
May-94,WA,48580.0
Jun-94,WA,50050.0
Jul-94,WA,57110.0
Aug-94,WA,49830.0
Sep-94,WA,52340.0
Oct-94,WA,50820.0
Nov-94,WA,53780.0
Dec-94,WA,69400.0
Jan-95,WA,57430.0
Feb-95,WA,46490.0
Mar-95,WA,58010.0
Apr-95,WA,54390.0
May-95,WA,48730.0
Jun-95,WA,53420.0
Jul-95,WA,54670.0
Aug-95,WA,50260.0
Sep-95,WA,53640.0
Oct-95,WA,53750.0
Nov-95,WA,54230.0
Dec-95,WA,74070.0
Jan-96,WA,58970.0
Feb-96,WA,55030.0
Mar-96,WA,60200.0
Apr-96,WA,58030.0
May-96,WA,54500.0
Jun-96,WA,61950.0
Jul-96,WA,59240.0
Aug-96,WA,58570.0
Sep-96,WA,61320.0
Oct-96,WA,56680.0
Nov-96,WA,58950.0
Dec-96,WA,79880.0
Jan-97,WA,66800.0
Feb-97,WA,58500.0
Mar-97,WA,62270.0
Apr-97,WA,63730.0
May-97,WA,60210.0
Jun-97,WA,61230.0
Jul-97,WA,68870.0
Aug-97,WA,64250.0
Sep-97,WA,69910.0
Oct-97,WA,63700.0
Nov-97,WA,67180.0
Dec-97,WA,76460.0
Jan-98,WA,72960.0
Feb-98,WA,57360.0
Mar-98,WA,65930.0
Apr-98,WA,70760.0
May-98,WA,67200.0
Jun-98,WA,65720.0
Jul-98,WA,64540.0
Aug-98,WA,68930.0
Sep-98,WA,66370.0
Oct-98,WA,72300.0
Nov-98,WA,67890.0
Dec-98,WA,82410.0
Jan-99,WA,79720.0
Feb-99,WA,60990.0
Mar-99,WA,71970.0
Apr-99,WA,63090.0
May-99,WA,64000.0
Jun-99,WA,69150.0
Jul-99,WA,70290.0
Aug-99,WA,74250.0
Sep-99,WA,72970.0
Oct-99,WA,65130.0
Nov-99,WA,70630.0
Dec-99,WA,81590.0
Jan-00,WA,77330.0
Feb-00,WA,62640.0
Mar-00,WA,79210.0
Apr-00,WA,76840.0
May-00,WA,73520.0
Jun-00,WA,77840.0
Jul-00,WA,70330.0
Aug-00,WA,79610.0
Sep-00,WA,67480.0
Oct-00,WA,65780.0
Nov-00,WA,79800.0
Dec-00,WA,96470.0
Jan-01,WA,91080.0
Feb-01,WA,62450.0
Mar-01,WA,81090.0
Apr-01,WA,76290.0
May-01,WA,67210.0
Jun-01,WA,74600.0
Jul-01,WA,70620.0
Aug-01,WA,73950.0
Sep-01,WA,73520.0
Oct-01,WA,65180.0
Nov-01,WA,63410.0
Dec-01,WA,79410.0
Jan-02,WA,79180.0
Feb-02,WA,63570.0
Mar-02,WA,72730.0
Apr-02,WA,74960.0
May-02,WA,69110.0
Jun-02,WA,74710.0
Jul-02,WA,71560.0
Aug-02,WA,75130.0
Sep-02,WA,74700.0
Oct-02,WA,68470.0
Nov-02,WA,69680.0
Dec-02,WA,87940.0
Jan-03,WA,82210.0
Feb-03,WA,64310.0
Mar-03,WA,71690.0
Apr-03,WA,62360.0
May-03,WA,56300.0
Jun-03,WA,60150.0
Jul-03,WA,69010.0
Aug-03,WA,69860.0
Sep-03,WA,70960.0
Oct-03,WA,71210.0
Nov-03,WA,73980.0
Dec-03,WA,94620.0
Jan-04,WA,90900.0
Feb-04,WA,68520.0
Mar-04,WA,82870.0
Apr-04,WA,85970.0
May-04,WA,75960.0
Jun-04,WA,79350.0
Jul-04,WA,81600.0
Aug-04,WA,79720.0
Sep-04,WA,74480.0
Oct-04,WA,82620.0
Nov-04,WA,89040.0
Dec-04,WA,103660.0
Jan-05,WA,98890.0
Feb-05,WA,77200.0
Mar-05,WA,93660.0
Apr-05,WA,92300.0
May-05,WA,84840.0
Jun-05,WA,94370.0
Jul-05,WA,88450.0
Aug-05,WA,88870.0
Sep-05,WA,92100.0
Oct-05,WA,82640.0
Nov-05,WA,91080.0
Dec-05,WA,110720.0
Jan-06,WA,97840.0
Feb-06,WA,78140.0
Mar-06,WA,90970.0
Apr-06,WA,99680.0
May-06,WA,81050.0
Jun-06,WA,90430.0
Jul-06,WA,92310.0
Aug-06,WA,86120.0
Sep-06,WA,87790.0
Oct-06,WA,91380.0
Nov-06,WA,92850.0
Dec-06,WA,128820.0
Jan-07,WA,110260.0
Feb-07,WA,83290.0
Mar-07,WA,101790.0
Apr-07,WA,110780.0
May-07,WA,94600.0
Jun-07,WA,106340.0
Jul-07,WA,108650.0
Aug-07,WA,104530.0
Sep-07,WA,107970.0
Oct-07,WA,103910.0
Nov-07,WA,104250.0
Dec-07,WA,141030.0
Jan-08,WA,120120.0
Feb-08,WA,95790.0
Mar-08,WA,115630.0
Apr-08,WA,119350.0
May-08,WA,107290.0
Jun-08,WA,111650.0
Jul-08,WA,113740.0
Aug-08,WA,109930.0
Sep-08,WA,112240.0
Oct-08,WA,108270.0
Nov-08,WA,107410.0
Dec-08,WA,149970.0
Jan-09,WA,126840.0
Feb-09,WA,93830.0
Mar-09,WA,113030.0
Apr-09,WA,126940.0
May-09,WA,117400.0
Jun-09,WA,126150.0
Jul-09,WA,129160.0
Aug-09,WA,122430.0
Sep-09,WA,134520.0
Oct-09,WA,126290.0
Nov-09,WA,130340.0
Dec-09,WA,167800.0
Jan-10,WA,144870.0
Feb-10,WA,115920.0
Mar-10,WA,140880.0
Apr-10,WA,136150.0
May-10,WA,128170.0
Jun-10,WA,149760.0
Jul-10,WA,144090.0
Aug-10,WA,134810.0
Sep-10,WA,151800.0
Oct-10,WA,136610.0
Nov-10,WA,135900.0
Dec-10,WA,183680.0
Jan-11,WA,157330.0
Feb-11,WA,121600.0
Mar-11,WA,137770.0
Apr-11,WA,160000.0
May-11,WA,142380.0
Jun-11,WA,152600.0
Jul-11,WA,160800.0
Aug-11,WA,148140.0
Sep-11,WA,158320.0
Oct-11,WA,152480.0
Nov-11,WA,146900.0
Dec-11,WA,196750.0
Jan-12,WA,163380.0
Feb-12,WA,132170.0
Mar-12,WA,157230.0
Apr-12,WA,168260.0
May-12,WA,149210.0
Jun-12,WA,161250.0
Jul-12,WA,166560.0
Aug-12,WA,157900.0
Sep-12,WA,167280.0
Oct-12,WA,162210.0
Nov-12,WA,157840.0
Dec-12,WA,217240.0
Jan-13,WA,174340.0
Feb-13,WA,137900.0
Mar-13,WA,167240.0
Apr-13,WA,177720.0
May-13,WA,163480.0
Jun-13,WA,168530.0
Jul-13,WA,184630.0
Aug-13,WA,174670.0
Sep-13,WA,184430.0
Oct-13,WA,166730.0
Nov-13,WA,166350.0
Dec-13,WA,249450.0
Jan-14,WA,204790.0
Feb-14,WA,151400.0
Mar-14,WA,175550.0
Apr-14,WA,200130.0
May-14,WA,171210.0
Jun-14,WA,181420.0
Jul-14,WA,195780.0
Aug-14,WA,184410.0
Sep-14,WA,191390.0
Oct-14,WA,172350.0
Nov-14,WA,167700.0
Dec-14,WA,241280.0
Jan-15,WA,195780.0
Feb-15,WA,153920.0
Mar-15,WA,178800.0
Apr-15,WA,189770.0
May-15,WA,170250.0
Jun-15,WA,179390.0
Jul-15,WA,197690.0
Aug-15,WA,170620.0
Sep-15,WA,188860.0
Oct-15,WA,171890.0
Nov-15,WA,167490.0
Dec-15,WA,244220.0
Jan-16,WA,204020.0
Feb-16,WA,160000.0
Mar-16,WA,184180.0
Apr-16,WA,193600.0
May-16,WA,170870.0
Jun-16,WA,196450.0
Jul-16,WA,206240.0
Aug-16,WA,182430.0
Sep-16,WA,205260.0
Oct-16,WA,179110.0
Nov-16,WA,182810.0
Dec-16,WA,250790.0
Jan-17,WA,210880.0
Feb-17,WA,155370.0
Mar-17,WA,185070.0
Apr-17,WA,207530.0
May-17,WA,178540.0
Jun-17,WA,198210.0
Jul-17,WA,197010.0
Aug-17,WA,184410.0
Sep-17,WA,204090.0
Oct-17,WA,178270.0
Nov-17,WA,177000.0
Dec-17,WA,244290.0
Jan-18,WA,207130.0
Feb-18,WA,161650.0
Mar-18,WA,191110.0
Apr-18,WA,198590.0
May-18,WA,176990.0
Jun-18,WA,205770.0
Jul-18,WA,189320.0
Aug-18,WA,188530.0
Sep-18,WA,199470.0
Oct-18,WA,173920.0
Nov-18,WA,183180.0
Dec-18,WA,250160.0
Jan-19,WA,208250.0
Feb-19,WA,161650.0
Mar-19,WA,185260.0
Apr-19,WA,201120.0
May-19,WA,176380.0
Jun-19,WA,198010.0
Jul-19,WA,203310.0
Aug-19,WA,198290.0
Sep-19,WA,202500.0
Oct-19,WA,190020.0
Nov-19,WA,194130.0
Dec-19,WA,258420.0
Jan-20,WA,230310.0
Feb-20,WA,152010.0
Mar-20,WA,98540.0
Apr-20,WA,6880.0
May-20,WA,3670.0
Jun-20,WA,3880.0
Jul-20,WA,5730.0
Aug-20,WA,5040.0
Sep-20,WA,3920.0
Oct-20,WA,4050.0
Nov-20,WA,3720.0
Dec-20,WA,4410.0
Jan-21,WA,3430.0
Feb-21,WA,2710.0
Mar-21,WA,2780.0
Apr-21,WA,4030.0
May-21,WA,6430.0
Jun-21,WA,6420.0
Jul-21,WA,8850.0
Aug-21,WA,3210.0
Sep-21,WA,2770.0
Oct-21,WA,3320.0
Nov-21,WA,4600.0
Dec-21,WA,6980.0
Jan-22,WA,7760.0
Feb-22,WA,7980.0
Mar-22,WA,22300.0
Apr-22,WA,54850.0
May-22,WA,67760.0
Jun-22,WA,92380.0
Jul-22,WA,109780.0
Aug-22,WA,102570.0
Sep-22,WA,115280.0
Oct-22,WA,111030.0
Nov-22,WA,137350.0
Dec-22,WA,177520.0
Jan-23,WA,163200.0
Feb-23,WA,125370.0
Mar-23,WA,160970.0
Apr-23,WA,167210.0
May-23,WA,158930.0
Jun-23,WA,175380.0
Jul-23,WA,171390.0
Aug-23,WA,167750.0
Sep-23,WA,182420.0
Oct-23,WA,163860.0
Nov-23,WA,180650.0
Dec-23,WA,228020.0
Jan-24,WA,196370.0
Feb-24,WA,170690.0
Mar-24,WA,205400.0
Apr-24,WA,194180.0
May-24,WA,192900.0
Jun-24,WA,224600.0
Jul-24,WA,188080.0
Aug-24,WA,198160.0
Sep-24,WA,226590.0
Oct-24,WA,199150.0
Nov-24,WA,214190.0
Dec-24,WA,279750.0
Jan-25,WA,246250.0
Feb-25,WA,183060.0
Mar-25,WA,204980.0
Apr-25,WA,243640.0
May-25,WA,213180.0
Jun-25,WA,232860.0
Jul-25,WA,230300.0
Aug-25,WA,219440.0
Jan-91,Tas.,3520.0
Feb-91,Tas.,3590.0
Mar-91,Tas.,4090.0
Apr-91,Tas.,3400.0
May-91,Tas.,4010.0
Jun-91,Tas.,3330.0
Jul-91,Tas.,2570.0
Aug-91,Tas.,3480.0
Sep-91,Tas.,3080.0
Oct-91,Tas.,2620.0
Nov-91,Tas.,3330.0
Dec-91,Tas.,3420.0
Jan-92,Tas.,4650.0
Feb-92,Tas.,3710.0
Mar-92,Tas.,4170.0
Apr-92,Tas.,3390.0
May-92,Tas.,4750.0
Jun-92,Tas.,2980.0
Jul-92,Tas.,3660.0
Aug-92,Tas.,4510.0
Sep-92,Tas.,2640.0
Oct-92,Tas.,2850.0
Nov-92,Tas.,3370.0
Dec-92,Tas.,5220.0
Jan-93,Tas.,4160.0
Feb-93,Tas.,3530.0
Mar-93,Tas.,4540.0
Apr-93,Tas.,4410.0
May-93,Tas.,4700.0
Jun-93,Tas.,3900.0
Jul-93,Tas.,3150.0
Aug-93,Tas.,4220.0
Sep-93,Tas.,3340.0
Oct-93,Tas.,2730.0
Nov-93,Tas.,4340.0
Dec-93,Tas.,4370.0
Jan-94,Tas.,4350.0
Feb-94,Tas.,3530.0
Mar-94,Tas.,3840.0
Apr-94,Tas.,3500.0
May-94,Tas.,4010.0
Jun-94,Tas.,2900.0
Jul-94,Tas.,2820.0
Aug-94,Tas.,4270.0
Sep-94,Tas.,3470.0
Oct-94,Tas.,2860.0
Nov-94,Tas.,4270.0
Dec-94,Tas.,5660.0
Jan-95,Tas.,5750.0
Feb-95,Tas.,4190.0
Mar-95,Tas.,4730.0
Apr-95,Tas.,4490.0
May-95,Tas.,4320.0
Jun-95,Tas.,3100.0
Jul-95,Tas.,3430.0
Aug-95,Tas.,3170.0
Sep-95,Tas.,3880.0
Oct-95,Tas.,3140.0
Nov-95,Tas.,3740.0
Dec-95,Tas.,5830.0
Jan-96,Tas.,6560.0
Feb-96,Tas.,4200.0
Mar-96,Tas.,6310.0
Apr-96,Tas.,4140.0
May-96,Tas.,4780.0
Jun-96,Tas.,4510.0
Jul-96,Tas.,3790.0
Aug-96,Tas.,3470.0
Sep-96,Tas.,4420.0
Oct-96,Tas.,3460.0
Nov-96,Tas.,3800.0
Dec-96,Tas.,5940.0
Jan-97,Tas.,6100.0
Feb-97,Tas.,4800.0
Mar-97,Tas.,5670.0
Apr-97,Tas.,4050.0
May-97,Tas.,5140.0
Jun-97,Tas.,4760.0
Jul-97,Tas.,4110.0
Aug-97,Tas.,3870.0
Sep-97,Tas.,5230.0
Oct-97,Tas.,3490.0
Nov-97,Tas.,4120.0
Dec-97,Tas.,7020.0
Jan-98,Tas.,6210.0
Feb-98,Tas.,4820.0
Mar-98,Tas.,5070.0
Apr-98,Tas.,4670.0
May-98,Tas.,5760.0
Jun-98,Tas.,4450.0
Jul-98,Tas.,2600.0
Aug-98,Tas.,3320.0
Sep-98,Tas.,4820.0
Oct-98,Tas.,4290.0
Nov-98,Tas.,3800.0
Dec-98,Tas.,6270.0
Jan-99,Tas.,7650.0
Feb-99,Tas.,5470.0
Mar-99,Tas.,4830.0
Apr-99,Tas.,7130.0
May-99,Tas.,5840.0
Jun-99,Tas.,3580.0
Jul-99,Tas.,3900.0
Aug-99,Tas.,4640.0
Sep-99,Tas.,4750.0
Oct-99,Tas.,4370.0
Nov-99,Tas.,5190.0
Dec-99,Tas.,5980.0
Jan-00,Tas.,6310.0
Feb-00,Tas.,6500.0
Mar-00,Tas.,6210.0
Apr-00,Tas.,5060.0
May-00,Tas.,6020.0
Jun-00,Tas.,4540.0
Jul-00,Tas.,3200.0
Aug-00,Tas.,5150.0
Sep-00,Tas.,4180.0
Oct-00,Tas.,4050.0
Nov-00,Tas.,5540.0
Dec-00,Tas.,7400.0
Jan-01,Tas.,7160.0
Feb-01,Tas.,5890.0
Mar-01,Tas.,5990.0
Apr-01,Tas.,4350.0
May-01,Tas.,6530.0
Jun-01,Tas.,4680.0
Jul-01,Tas.,5620.0
Aug-01,Tas.,6340.0
Sep-01,Tas.,7010.0
Oct-01,Tas.,4850.0
Nov-01,Tas.,5170.0
Dec-01,Tas.,7550.0
Jan-02,Tas.,11170.0
Feb-02,Tas.,7020.0
Mar-02,Tas.,7570.0
Apr-02,Tas.,7300.0
May-02,Tas.,8100.0
Jun-02,Tas.,5460.0
Jul-02,Tas.,5350.0
Aug-02,Tas.,6710.0
Sep-02,Tas.,7090.0
Oct-02,Tas.,4940.0
Nov-02,Tas.,5730.0
Dec-02,Tas.,7070.0
Jan-03,Tas.,8060.0
Feb-03,Tas.,5620.0
Mar-03,Tas.,6920.0
Apr-03,Tas.,6320.0
May-03,Tas.,5600.0
Jun-03,Tas.,3420.0
Jul-03,Tas.,4910.0
Aug-03,Tas.,5670.0
Sep-03,Tas.,5810.0
Oct-03,Tas.,4670.0
Nov-03,Tas.,7620.0
Dec-03,Tas.,9330.0
Jan-04,Tas.,10660.0
Feb-04,Tas.,8010.0
Mar-04,Tas.,8930.0
Apr-04,Tas.,7290.0
May-04,Tas.,7390.0
Jun-04,Tas.,6290.0
Jul-04,Tas.,5460.0
Aug-04,Tas.,5790.0
Sep-04,Tas.,6770.0
Oct-04,Tas.,5340.0
Nov-04,Tas.,7110.0
Dec-04,Tas.,9640.0
Jan-05,Tas.,9310.0
Feb-05,Tas.,8700.0
Mar-05,Tas.,9340.0
Apr-05,Tas.,7290.0
May-05,Tas.,9330.0
Jun-05,Tas.,5270.0
Jul-05,Tas.,5560.0
Aug-05,Tas.,8540.0
Sep-05,Tas.,7630.0
Oct-05,Tas.,6500.0
Nov-05,Tas.,8980.0
Dec-05,Tas.,9430.0
Jan-06,Tas.,10200.0
Feb-06,Tas.,8080.0
Mar-06,Tas.,9320.0
Apr-06,Tas.,8970.0
May-06,Tas.,8890.0
Jun-06,Tas.,6290.0
Jul-06,Tas.,7260.0
Aug-06,Tas.,7700.0
Sep-06,Tas.,8840.0
Oct-06,Tas.,7710.0
Nov-06,Tas.,9150.0
Dec-06,Tas.,8660.0
Jan-07,Tas.,11210.0
Feb-07,Tas.,9030.0
Mar-07,Tas.,10130.0
Apr-07,Tas.,8630.0
May-07,Tas.,9570.0
Jun-07,Tas.,7930.0
Jul-07,Tas.,7160.0
Aug-07,Tas.,8390.0
Sep-07,Tas.,9770.0
Oct-07,Tas.,6760.0
Nov-07,Tas.,8500.0
Dec-07,Tas.,9460.0
Jan-08,Tas.,10930.0
Feb-08,Tas.,9080.0
Mar-08,Tas.,10530.0
Apr-08,Tas.,8470.0
May-08,Tas.,10820.0
Jun-08,Tas.,8450.0
Jul-08,Tas.,7680.0
Aug-08,Tas.,9240.0
Sep-08,Tas.,9220.0
Oct-08,Tas.,7490.0
Nov-08,Tas.,8990.0
Dec-08,Tas.,10010.0
Jan-09,Tas.,12150.0
Feb-09,Tas.,9220.0
Mar-09,Tas.,10020.0
Apr-09,Tas.,9170.0
May-09,Tas.,11490.0
Jun-09,Tas.,8410.0
Jul-09,Tas.,7860.0
Aug-09,Tas.,9540.0
Sep-09,Tas.,10630.0
Oct-09,Tas.,8290.0
Nov-09,Tas.,10470.0
Dec-09,Tas.,11360.0
Jan-10,Tas.,12340.0
Feb-10,Tas.,10520.0
Mar-10,Tas.,11940.0
Apr-10,Tas.,10340.0
May-10,Tas.,13430.0
Jun-10,Tas.,10650.0
Jul-10,Tas.,9320.0
Aug-10,Tas.,12000.0
Sep-10,Tas.,12550.0
Oct-10,Tas.,9630.0
Nov-10,Tas.,11990.0
Dec-10,Tas.,11650.0
Jan-11,Tas.,13270.0
Feb-11,Tas.,10870.0
Mar-11,Tas.,11510.0
Apr-11,Tas.,10710.0
May-11,Tas.,13370.0
Jun-11,Tas.,11940.0
Jul-11,Tas.,8720.0
Aug-11,Tas.,12020.0
Sep-11,Tas.,12260.0
Oct-11,Tas.,9240.0
Nov-11,Tas.,11650.0
Dec-11,Tas.,12160.0
Jan-12,Tas.,13800.0
Feb-12,Tas.,10800.0
Mar-12,Tas.,12090.0
Apr-12,Tas.,11470.0
May-12,Tas.,14240.0
Jun-12,Tas.,11670.0
Jul-12,Tas.,9450.0
Aug-12,Tas.,11670.0
Sep-12,Tas.,13470.0
Oct-12,Tas.,10260.0
Nov-12,Tas.,11700.0
Dec-12,Tas.,12440.0
Jan-13,Tas.,14240.0
Feb-13,Tas.,12030.0
Mar-13,Tas.,12590.0
Apr-13,Tas.,13950.0
May-13,Tas.,11890.0
Jun-13,Tas.,10960.0
Jul-13,Tas.,13440.0
Aug-13,Tas.,12410.0
Sep-13,Tas.,12830.0
Oct-13,Tas.,11660.0
Nov-13,Tas.,12650.0
Dec-13,Tas.,14540.0
Jan-14,Tas.,14570.0
Feb-14,Tas.,12930.0
Mar-14,Tas.,13980.0
Apr-14,Tas.,14590.0
May-14,Tas.,12860.0
Jun-14,Tas.,11530.0
Jul-14,Tas.,14060.0
Aug-14,Tas.,12950.0
Sep-14,Tas.,13250.0
Oct-14,Tas.,12470.0
Nov-14,Tas.,13520.0
Dec-14,Tas.,14820.0
Jan-15,Tas.,15740.0
Feb-15,Tas.,14260.0
Mar-15,Tas.,15690.0
Apr-15,Tas.,14760.0
May-15,Tas.,12800.0
Jun-15,Tas.,11710.0
Jul-15,Tas.,15060.0
Aug-15,Tas.,13450.0
Sep-15,Tas.,13510.0
Oct-15,Tas.,12820.0
Nov-15,Tas.,14390.0
Dec-15,Tas.,16470.0
Jan-16,Tas.,17340.0
Feb-16,Tas.,15650.0
Mar-16,Tas.,15930.0
Apr-16,Tas.,16450.0
May-16,Tas.,14070.0
Jun-16,Tas.,13400.0
Jul-16,Tas.,16140.0
Aug-16,Tas.,14650.0
Sep-16,Tas.,14830.0
Oct-16,Tas.,14490.0
Nov-16,Tas.,15290.0
Dec-16,Tas.,18490.0
Jan-17,Tas.,18980.0
Feb-17,Tas.,16140.0
Mar-17,Tas.,16120.0
Apr-17,Tas.,17850.0
May-17,Tas.,15000.0
Jun-17,Tas.,13750.0
Jul-17,Tas.,16940.0
Aug-17,Tas.,14710.0
Sep-17,Tas.,14800.0
Oct-17,Tas.,15770.0
Nov-17,Tas.,14820.0
Dec-17,Tas.,17590.0
Jan-18,Tas.,17100.0
Feb-18,Tas.,15480.0
Mar-18,Tas.,16860.0
Apr-18,Tas.,18540.0
May-18,Tas.,15510.0
Jun-18,Tas.,15210.0
Jul-18,Tas.,17160.0
Aug-18,Tas.,15540.0
Sep-18,Tas.,15940.0
Oct-18,Tas.,16020.0
Nov-18,Tas.,15930.0
Dec-18,Tas.,18680.0
Jan-19,Tas.,19210.0
Feb-19,Tas.,16480.0
Mar-19,Tas.,17710.0
Apr-19,Tas.,18920.0
May-19,Tas.,16630.0
Jun-19,Tas.,15750.0
Jul-19,Tas.,18870.0
Aug-19,Tas.,17560.0
Sep-19,Tas.,17430.0
Oct-19,Tas.,16090.0
Nov-19,Tas.,17660.0
Dec-19,Tas.,19120.0
Jan-20,Tas.,20330.0
Feb-20,Tas.,14850.0
Mar-20,Tas.,10300.0
Apr-20,Tas.,520.0
May-20,Tas.,280.0
Jun-20,Tas.,370.0
Jul-20,Tas.,470.0
Aug-20,Tas.,450.0
Sep-20,Tas.,380.0
Oct-20,Tas.,400.0
Nov-20,Tas.,420.0
Dec-20,Tas.,360.0
Jan-21,Tas.,350.0
Feb-21,Tas.,330.0
Mar-21,Tas.,280.0
Apr-21,Tas.,560.0
May-21,Tas.,960.0
Jun-21,Tas.,990.0
Jul-21,Tas.,1320.0
Aug-21,Tas.,290.0
Sep-21,Tas.,240.0
Oct-21,Tas.,360.0
Nov-21,Tas.,580.0
Dec-21,Tas.,1170.0
Jan-22,Tas.,1330.0
Feb-22,Tas.,1460.0
Mar-22,Tas.,2910.0
Apr-22,Tas.,5130.0
May-22,Tas.,6380.0
Jun-22,Tas.,6690.0
Jul-22,Tas.,10670.0
Aug-22,Tas.,9040.0
Sep-22,Tas.,8810.0
Oct-22,Tas.,11330.0
Nov-22,Tas.,11600.0
Dec-22,Tas.,13000.0
Jan-23,Tas.,14840.0
Feb-23,Tas.,11850.0
Mar-23,Tas.,15490.0
Apr-23,Tas.,15300.0
May-23,Tas.,14600.0
Jun-23,Tas.,12920.0
Jul-23,Tas.,17680.0
Aug-23,Tas.,14380.0
Sep-23,Tas.,13750.0
Oct-23,Tas.,16050.0
Nov-23,Tas.,14640.0
Dec-23,Tas.,14910.0
Jan-24,Tas.,16430.0
Feb-24,Tas.,14790.0
Mar-24,Tas.,16960.0
Apr-24,Tas.,17070.0
May-24,Tas.,15580.0
Jun-24,Tas.,13610.0
Jul-24,Tas.,17230.0
Aug-24,Tas.,15370.0
Sep-24,Tas.,16140.0
Oct-24,Tas.,16340.0
Nov-24,Tas.,15390.0
Dec-24,Tas.,18080.0
Jan-25,Tas.,20430.0
Feb-25,Tas.,16290.0
Mar-25,Tas.,19010.0
Apr-25,Tas.,18980.0
May-25,Tas.,17790.0
Jun-25,Tas.,16530.0
Jul-25,Tas.,19090.0
Aug-25,Tas.,17250.0
Jan-91,NT,2010.0
Feb-91,NT,2310.0
Mar-91,NT,2650.0
Apr-91,NT,3250.0
May-91,NT,4330.0
Jun-91,NT,5080.0
Jul-91,NT,3620.0
Aug-91,NT,4040.0
Sep-91,NT,4430.0
Oct-91,NT,2570.0
Nov-91,NT,2330.0
Dec-91,NT,5000.0
Jan-92,NT,2940.0
Feb-92,NT,2270.0
Mar-92,NT,2650.0
Apr-92,NT,3840.0
May-92,NT,3530.0
Jun-92,NT,5080.0
Jul-92,NT,4150.0
Aug-92,NT,4070.0
Sep-92,NT,3640.0
Oct-92,NT,3480.0
Nov-92,NT,3730.0
Dec-92,NT,5610.0
Jan-93,NT,2800.0
Feb-93,NT,1690.0
Mar-93,NT,2200.0
Apr-93,NT,3610.0
May-93,NT,4270.0
Jun-93,NT,4450.0
Jul-93,NT,4590.0
Aug-93,NT,5120.0
Sep-93,NT,4170.0
Oct-93,NT,3760.0
Nov-93,NT,6610.0
Dec-93,NT,4420.0
Jan-94,NT,3940.0
Feb-94,NT,4010.0
Mar-94,NT,4150.0
Apr-94,NT,5160.0
May-94,NT,5070.0
Jun-94,NT,5600.0
Jul-94,NT,5590.0
Aug-94,NT,6640.0
Sep-94,NT,4240.0
Oct-94,NT,5870.0
Nov-94,NT,5470.0
Dec-94,NT,6070.0
Jan-95,NT,4490.0
Feb-95,NT,2860.0
Mar-95,NT,4180.0
Apr-95,NT,4600.0
May-95,NT,7180.0
Jun-95,NT,6260.0
Jul-95,NT,6720.0
Aug-95,NT,8120.0
Sep-95,NT,6050.0
Oct-95,NT,5720.0
Nov-95,NT,6450.0
Dec-95,NT,6420.0
Jan-96,NT,4350.0
Feb-96,NT,3950.0
Mar-96,NT,5360.0
Apr-96,NT,5400.0
May-96,NT,5200.0
Jun-96,NT,7380.0
Jul-96,NT,6410.0
Aug-96,NT,7210.0
Sep-96,NT,5970.0
Oct-96,NT,5080.0
Nov-96,NT,6750.0
Dec-96,NT,5630.0
Jan-97,NT,4720.0
Feb-97,NT,5030.0
Mar-97,NT,4700.0
Apr-97,NT,4740.0
May-97,NT,6420.0
Jun-97,NT,7330.0
Jul-97,NT,7680.0
Aug-97,NT,7920.0
Sep-97,NT,6420.0
Oct-97,NT,6240.0
Nov-97,NT,6590.0
Dec-97,NT,5550.0
Jan-98,NT,4850.0
Feb-98,NT,4890.0
Mar-98,NT,5630.0
Apr-98,NT,4990.0
May-98,NT,6090.0
Jun-98,NT,7370.0
Jul-98,NT,8110.0
Aug-98,NT,12690.0
Sep-98,NT,14030.0
Oct-98,NT,10910.0
Nov-98,NT,5970.0
Dec-98,NT,6600.0
Jan-99,NT,6060.0
Feb-99,NT,5450.0
Mar-99,NT,5070.0
Apr-99,NT,5120.0
May-99,NT,6030.0
Jun-99,NT,7320.0
Jul-99,NT,8240.0
Aug-99,NT,8570.0
Sep-99,NT,8100.0
Oct-99,NT,10260.0
Nov-99,NT,5460.0
Dec-99,NT,7480.0
Jan-00,NT,5230.0
Feb-00,NT,7210.0
Mar-00,NT,10090.0
Apr-00,NT,10380.0
May-00,NT,7390.0
Jun-00,NT,8490.0
Jul-00,NT,11190.0
Aug-00,NT,8330.0
Sep-00,NT,7200.0
Oct-00,NT,8510.0
Nov-00,NT,6270.0
Dec-00,NT,8510.0
Jan-01,NT,7540.0
Feb-01,NT,4870.0
Mar-01,NT,7100.0
Apr-01,NT,10250.0
May-01,NT,8090.0
Jun-01,NT,7820.0
Jul-01,NT,10820.0
Aug-01,NT,13810.0
Sep-01,NT,9100.0
Oct-01,NT,10610.0
Nov-01,NT,9480.0
Dec-01,NT,9240.0
Jan-02,NT,6290.0
Feb-02,NT,6080.0
Mar-02,NT,8280.0
Apr-02,NT,6720.0
May-02,NT,8300.0
Jun-02,NT,9220.0
Jul-02,NT,9740.0
Aug-02,NT,13200.0
Sep-02,NT,8720.0
Oct-02,NT,9050.0
Nov-02,NT,7980.0
Dec-02,NT,8460.0
Jan-03,NT,5630.0
Feb-03,NT,5990.0
Mar-03,NT,5590.0
Apr-03,NT,5300.0
May-03,NT,6190.0
Jun-03,NT,7530.0
Jul-03,NT,8380.0
Aug-03,NT,9310.0
Sep-03,NT,6930.0
Oct-03,NT,6840.0
Nov-03,NT,7400.0
Dec-03,NT,9150.0
Jan-04,NT,6710.0
Feb-04,NT,6080.0
Mar-04,NT,5270.0
Apr-04,NT,5580.0
May-04,NT,6280.0
Jun-04,NT,7450.0
Jul-04,NT,9200.0
Aug-04,NT,12120.0
Sep-04,NT,9540.0
Oct-04,NT,8430.0
Nov-04,NT,7830.0
Dec-04,NT,9400.0
Jan-05,NT,6590.0
Feb-05,NT,6390.0
Mar-05,NT,6980.0
Apr-05,NT,6820.0
May-05,NT,9680.0
Jun-05,NT,8490.0
Jul-05,NT,10180.0
Aug-05,NT,11820.0
Sep-05,NT,9090.0
Oct-05,NT,7640.0
Nov-05,NT,6780.0
Dec-05,NT,9530.0
Jan-06,NT,8220.0
Feb-06,NT,5250.0
Mar-06,NT,6980.0
Apr-06,NT,7730.0
May-06,NT,8240.0
Jun-06,NT,8590.0
Jul-06,NT,11360.0
Aug-06,NT,15580.0
Sep-06,NT,10600.0
Oct-06,NT,12870.0
Nov-06,NT,10720.0
Dec-06,NT,11140.0
Jan-07,NT,9680.0
Feb-07,NT,7970.0
Mar-07,NT,11270.0
Apr-07,NT,9330.0
May-07,NT,14650.0
Jun-07,NT,11980.0
Jul-07,NT,10970.0
Aug-07,NT,11630.0
Sep-07,NT,10570.0
Oct-07,NT,10240.0
Nov-07,NT,9390.0
Dec-07,NT,11180.0
Jan-08,NT,8490.0
Feb-08,NT,6740.0
Mar-08,NT,8150.0
Apr-08,NT,7960.0
May-08,NT,8210.0
Jun-08,NT,10880.0
Jul-08,NT,11780.0
Aug-08,NT,12460.0
Sep-08,NT,9960.0
Oct-08,NT,9780.0
Nov-08,NT,8560.0
Dec-08,NT,11870.0
Jan-09,NT,8320.0
Feb-09,NT,6610.0
Mar-09,NT,7980.0
Apr-09,NT,9490.0
May-09,NT,11080.0
Jun-09,NT,12450.0
Jul-09,NT,12470.0
Aug-09,NT,13180.0
Sep-09,NT,12180.0
Oct-09,NT,11430.0
Nov-09,NT,10880.0
Dec-09,NT,13940.0
Jan-10,NT,9510.0
Feb-10,NT,8890.0
Mar-10,NT,10230.0
Apr-10,NT,10040.0
May-10,NT,10350.0
Jun-10,NT,13080.0
Jul-10,NT,13250.0
Aug-10,NT,15350.0
Sep-10,NT,13080.0
Oct-10,NT,11690.0
Nov-10,NT,12010.0
Dec-10,NT,14420.0
Jan-11,NT,10100.0
Feb-11,NT,9250.0
Mar-11,NT,10860.0
Apr-11,NT,11510.0
May-11,NT,12530.0
Jun-11,NT,13200.0
Jul-11,NT,15170.0
Aug-11,NT,15020.0
Sep-11,NT,13680.0
Oct-11,NT,12640.0
Nov-11,NT,11930.0
Dec-11,NT,15160.0
Jan-12,NT,11440.0
Feb-12,NT,9890.0
Mar-12,NT,10840.0
Apr-12,NT,11750.0
May-12,NT,11690.0
Jun-12,NT,14150.0
Jul-12,NT,14530.0
Aug-12,NT,15740.0
Sep-12,NT,13700.0
Oct-12,NT,13900.0
Nov-12,NT,13220.0
Dec-12,NT,16550.0
Jan-13,NT,11190.0
Feb-13,NT,10120.0
Mar-13,NT,12700.0
Apr-13,NT,12610.0
May-13,NT,12140.0
Jun-13,NT,14610.0
Jul-13,NT,15960.0
Aug-13,NT,17890.0
Sep-13,NT,15780.0
Oct-13,NT,15500.0
Nov-13,NT,14750.0
Dec-13,NT,20210.0
Jan-14,NT,13940.0
Feb-14,NT,11660.0
Mar-14,NT,12810.0
Apr-14,NT,13120.0
May-14,NT,13190.0
Jun-14,NT,16650.0
Jul-14,NT,16300.0
Aug-14,NT,19030.0
Sep-14,NT,16770.0
Oct-14,NT,16810.0
Nov-14,NT,14650.0
Dec-14,NT,19180.0
Jan-15,NT,12180.0
Feb-15,NT,10660.0
Mar-15,NT,12700.0
Apr-15,NT,12170.0
May-15,NT,13020.0
Jun-15,NT,15340.0
Jul-15,NT,17040.0
Aug-15,NT,17150.0
Sep-15,NT,14200.0
Oct-15,NT,15540.0
Nov-15,NT,13540.0
Dec-15,NT,19020.0
Jan-16,NT,12470.0
Feb-16,NT,10820.0
Mar-16,NT,12690.0
Apr-16,NT,12690.0
May-16,NT,12830.0
Jun-16,NT,15470.0
Jul-16,NT,17140.0
Aug-16,NT,18460.0
Sep-16,NT,15570.0
Oct-16,NT,16390.0
Nov-16,NT,13580.0
Dec-16,NT,20790.0
Jan-17,NT,14220.0
Feb-17,NT,11580.0
Mar-17,NT,13350.0
Apr-17,NT,15470.0
May-17,NT,13130.0
Jun-17,NT,16170.0
Jul-17,NT,15850.0
Aug-17,NT,16190.0
Sep-17,NT,14480.0
Oct-17,NT,16240.0
Nov-17,NT,13920.0
Dec-17,NT,19880.0
Jan-18,NT,14050.0
Feb-18,NT,11440.0
Mar-18,NT,13200.0
Apr-18,NT,13080.0
May-18,NT,11970.0
Jun-18,NT,14930.0
Jul-18,NT,14800.0
Aug-18,NT,17700.0
Sep-18,NT,14690.0
Oct-18,NT,14760.0
Nov-18,NT,13160.0
Dec-18,NT,19860.0
Jan-19,NT,13530.0
Feb-19,NT,10850.0
Mar-19,NT,12080.0
Apr-19,NT,12870.0
May-19,NT,14300.0
Jun-19,NT,15340.0
Jul-19,NT,15320.0
Aug-19,NT,17760.0
Sep-19,NT,16980.0
Oct-19,NT,15870.0
Nov-19,NT,13700.0
Dec-19,NT,19530.0
Jan-20,NT,13890.0
Feb-20,NT,9180.0
Mar-20,NT,5080.0
Apr-20,NT,410.0
May-20,NT,170.0
Jun-20,NT,220.0
Jul-20,NT,340.0
Aug-20,NT,400.0
Sep-20,NT,460.0
Oct-20,NT,730.0
Nov-20,NT,360.0
Dec-20,NT,470.0
Jan-21,NT,310.0
Feb-21,NT,250.0
Mar-21,NT,280.0
Apr-21,NT,390.0
May-21,NT,410.0
Jun-21,NT,530.0
Jul-21,NT,780.0
Aug-21,NT,700.0
Sep-21,NT,590.0
Oct-21,NT,770.0
Nov-21,NT,1190.0
Dec-21,NT,1330.0
Jan-22,NT,1100.0
Feb-22,NT,1230.0
Mar-22,NT,2270.0
Apr-22,NT,3910.0
May-22,NT,5370.0
Jun-22,NT,6980.0
Jul-22,NT,8160.0
Aug-22,NT,8680.0
Sep-22,NT,10410.0
Oct-22,NT,9000.0
Nov-22,NT,8910.0
Dec-22,NT,11010.0
Jan-23,NT,8610.0
Feb-23,NT,7610.0
Mar-23,NT,7980.0
Apr-23,NT,8450.0
May-23,NT,7970.0
Jun-23,NT,10350.0
Jul-23,NT,10760.0
Aug-23,NT,11480.0
Sep-23,NT,10940.0
Oct-23,NT,9830.0
Nov-23,NT,10280.0
Dec-23,NT,12670.0
Jan-24,NT,9530.0
Feb-24,NT,8340.0
Mar-24,NT,10200.0
Apr-24,NT,9820.0
May-24,NT,10060.0
Jun-24,NT,11780.0
Jul-24,NT,10980.0
Aug-24,NT,13140.0
Sep-24,NT,12880.0
Oct-24,NT,12090.0
Nov-24,NT,11800.0
Dec-24,NT,14740.0
Jan-25,NT,11360.0
Feb-25,NT,9840.0
Mar-25,NT,10680.0
Apr-25,NT,13050.0
May-25,NT,11950.0
Jun-25,NT,14160.0
Jul-25,NT,14500.0
Aug-25,NT,15050.0
Jan-91,ACT,5670.0
Feb-91,ACT,6560.0
Mar-91,ACT,6820.0
Apr-91,ACT,5120.0
May-91,ACT,5140.0
Jun-91,ACT,6270.0
Jul-91,ACT,5740.0
Aug-91,ACT,6080.0
Sep-91,ACT,6940.0
Oct-91,ACT,5850.0
Nov-91,ACT,5640.0
Dec-91,ACT,7530.0
Jan-92,ACT,5550.0
Feb-92,ACT,4700.0
Mar-92,ACT,5430.0
Apr-92,ACT,5570.0
May-92,ACT,5600.0
Jun-92,ACT,6630.0
Jul-92,ACT,7210.0
Aug-92,ACT,6020.0
Sep-92,ACT,6240.0
Oct-92,ACT,6090.0
Nov-92,ACT,6510.0
Dec-92,ACT,8380.0
Jan-93,ACT,6010.0
Feb-93,ACT,5500.0
Mar-93,ACT,6430.0
Apr-93,ACT,5560.0
May-93,ACT,5340.0
Jun-93,ACT,7090.0
Jul-93,ACT,6380.0
Aug-93,ACT,6030.0
Sep-93,ACT,7440.0
Oct-93,ACT,5750.0
Nov-93,ACT,6160.0
Dec-93,ACT,7880.0
Jan-94,ACT,5050.0
Feb-94,ACT,5480.0
Mar-94,ACT,5930.0
Apr-94,ACT,5770.0
May-94,ACT,4930.0
Jun-94,ACT,6610.0
Jul-94,ACT,6730.0
Aug-94,ACT,5430.0
Sep-94,ACT,8090.0
Oct-94,ACT,5050.0
Nov-94,ACT,6660.0
Dec-94,ACT,9320.0
Jan-95,ACT,6990.0
Feb-95,ACT,5850.0
Mar-95,ACT,6790.0
Apr-95,ACT,7370.0
May-95,ACT,5570.0
Jun-95,ACT,6930.0
Jul-95,ACT,7810.0
Aug-95,ACT,7500.0
Sep-95,ACT,6760.0
Oct-95,ACT,6720.0
Nov-95,ACT,7410.0
Dec-95,ACT,8950.0
Jan-96,ACT,7260.0
Feb-96,ACT,6550.0
Mar-96,ACT,8200.0
Apr-96,ACT,7530.0
May-96,ACT,7340.0
Jun-96,ACT,8150.0
Jul-96,ACT,7020.0
Aug-96,ACT,7570.0
Sep-96,ACT,8170.0
Oct-96,ACT,7230.0
Nov-96,ACT,7530.0
Dec-96,ACT,11460.0
Jan-97,ACT,7640.0
Feb-97,ACT,7970.0
Mar-97,ACT,7580.0
Apr-97,ACT,8060.0
May-97,ACT,9060.0
Jun-97,ACT,7000.0
Jul-97,ACT,8660.0
Aug-97,ACT,6910.0
Sep-97,ACT,9100.0
Oct-97,ACT,6020.0
Nov-97,ACT,8930.0
Dec-97,ACT,10250.0
Jan-98,ACT,8340.0
Feb-98,ACT,7440.0
Mar-98,ACT,7980.0
Apr-98,ACT,9260.0
May-98,ACT,7370.0
Jun-98,ACT,8030.0
Jul-98,ACT,7370.0
Aug-98,ACT,8160.0
Sep-98,ACT,8420.0
Oct-98,ACT,7440.0
Nov-98,ACT,8900.0
Dec-98,ACT,9550.0
Jan-99,ACT,8580.0
Feb-99,ACT,6320.0
Mar-99,ACT,8310.0
Apr-99,ACT,9620.0
May-99,ACT,7460.0
Jun-99,ACT,8400.0
Jul-99,ACT,9260.0
Aug-99,ACT,7970.0
Sep-99,ACT,10350.0
Oct-99,ACT,6890.0
Nov-99,ACT,9010.0
Dec-99,ACT,10100.0
Jan-00,ACT,8010.0
Feb-00,ACT,7540.0
Mar-00,ACT,8820.0
Apr-00,ACT,8450.0
May-00,ACT,8290.0
Jun-00,ACT,9530.0
Jul-00,ACT,10120.0
Aug-00,ACT,8170.0
Sep-00,ACT,13240.0
Oct-00,ACT,9370.0
Nov-00,ACT,10110.0
Dec-00,ACT,11220.0
Jan-01,ACT,9660.0
Feb-01,ACT,8250.0
Mar-01,ACT,8640.0
Apr-01,ACT,8270.0
May-01,ACT,8880.0
Jun-01,ACT,7940.0
Jul-01,ACT,10800.0
Aug-01,ACT,11560.0
Sep-01,ACT,10590.0
Oct-01,ACT,7850.0
Nov-01,ACT,8060.0
Dec-01,ACT,11750.0
Jan-02,ACT,9510.0
Feb-02,ACT,8030.0
Mar-02,ACT,9420.0
Apr-02,ACT,10180.0
May-02,ACT,9950.0
Jun-02,ACT,10390.0
Jul-02,ACT,10800.0
Aug-02,ACT,9330.0
Sep-02,ACT,11670.0
Oct-02,ACT,10330.0
Nov-02,ACT,8200.0
Dec-02,ACT,12640.0
Jan-03,ACT,8460.0
Feb-03,ACT,8110.0
Mar-03,ACT,9240.0
Apr-03,ACT,8710.0
May-03,ACT,7940.0
Jun-03,ACT,9950.0
Jul-03,ACT,12030.0
Aug-03,ACT,9650.0
Sep-03,ACT,10770.0
Oct-03,ACT,10800.0
Nov-03,ACT,13070.0
Dec-03,ACT,13710.0
Jan-04,ACT,11500.0
Feb-04,ACT,7760.0
Mar-04,ACT,11470.0
Apr-04,ACT,12990.0
May-04,ACT,11660.0
Jun-04,ACT,13600.0
Jul-04,ACT,10150.0
Aug-04,ACT,9960.0
Sep-04,ACT,11810.0
Oct-04,ACT,10750.0
Nov-04,ACT,11690.0
Dec-04,ACT,15400.0
Jan-05,ACT,11740.0
Feb-05,ACT,8960.0
Mar-05,ACT,11650.0
Apr-05,ACT,12190.0
May-05,ACT,12410.0
Jun-05,ACT,13230.0
Jul-05,ACT,11750.0
Aug-05,ACT,12550.0
Sep-05,ACT,13850.0
Oct-05,ACT,10220.0
Nov-05,ACT,12810.0
Dec-05,ACT,16390.0
Jan-06,ACT,13450.0
Feb-06,ACT,9810.0
Mar-06,ACT,11680.0
Apr-06,ACT,13990.0
May-06,ACT,11340.0
Jun-06,ACT,12290.0
Jul-06,ACT,12990.0
Aug-06,ACT,11300.0
Sep-06,ACT,14210.0
Oct-06,ACT,11810.0
Nov-06,ACT,12870.0
Dec-06,ACT,16690.0
Jan-07,ACT,12450.0
Feb-07,ACT,9400.0
Mar-07,ACT,11910.0
Apr-07,ACT,13860.0
May-07,ACT,13120.0
Jun-07,ACT,14050.0
Jul-07,ACT,14520.0
Aug-07,ACT,12920.0
Sep-07,ACT,15620.0
Oct-07,ACT,13130.0
Nov-07,ACT,14300.0
Dec-07,ACT,18890.0
Jan-08,ACT,13720.0
Feb-08,ACT,11510.0
Mar-08,ACT,13260.0
Apr-08,ACT,14510.0
May-08,ACT,13470.0
Jun-08,ACT,14940.0
Jul-08,ACT,15250.0
Aug-08,ACT,14010.0
Sep-08,ACT,15250.0
Oct-08,ACT,13900.0
Nov-08,ACT,15280.0
Dec-08,ACT,20430.0
Jan-09,ACT,13350.0
Feb-09,ACT,10890.0
Mar-09,ACT,12950.0
Apr-09,ACT,15410.0
May-09,ACT,13880.0
Jun-09,ACT,15950.0
Jul-09,ACT,16060.0
Aug-09,ACT,14420.0
Sep-09,ACT,18400.0
Oct-09,ACT,16080.0
Nov-09,ACT,18590.0
Dec-09,ACT,24880.0
Jan-10,ACT,17070.0
Feb-10,ACT,12860.0
Mar-10,ACT,17010.0
Apr-10,ACT,17840.0
May-10,ACT,16190.0
Jun-10,ACT,21510.0
Jul-10,ACT,21010.0
Aug-10,ACT,18040.0
Sep-10,ACT,22300.0
Oct-10,ACT,18280.0
Nov-10,ACT,19880.0
Dec-10,ACT,24560.0
Jan-11,ACT,17720.0
Feb-11,ACT,12220.0
Mar-11,ACT,14820.0
Apr-11,ACT,18780.0
May-11,ACT,16420.0
Jun-11,ACT,19300.0
Jul-11,ACT,21280.0
Aug-11,ACT,17030.0
Sep-11,ACT,19170.0
Oct-11,ACT,18370.0
Nov-11,ACT,17580.0
Dec-11,ACT,26260.0
Jan-12,ACT,18300.0
Feb-12,ACT,13790.0
Mar-12,ACT,17010.0
Apr-12,ACT,19610.0
May-12,ACT,16710.0
Jun-12,ACT,21820.0
Jul-12,ACT,21870.0
Aug-12,ACT,17890.0
Sep-12,ACT,21690.0
Oct-12,ACT,18310.0
Nov-12,ACT,18370.0
Dec-12,ACT,27560.0
Jan-13,ACT,18770.0
Feb-13,ACT,14440.0
Mar-13,ACT,18360.0
Apr-13,ACT,19340.0
May-13,ACT,18150.0
Jun-13,ACT,22880.0
Jul-13,ACT,22790.0
Aug-13,ACT,20020.0
Sep-13,ACT,22900.0
Oct-13,ACT,18760.0
Nov-13,ACT,19930.0
Dec-13,ACT,28560.0
Jan-14,ACT,20380.0
Feb-14,ACT,13700.0
Mar-14,ACT,17090.0
Apr-14,ACT,21170.0
May-14,ACT,18640.0
Jun-14,ACT,22420.0
Jul-14,ACT,22940.0
Aug-14,ACT,19160.0
Sep-14,ACT,22490.0
Oct-14,ACT,19210.0
Nov-14,ACT,20580.0
Dec-14,ACT,28630.0
Jan-15,ACT,20600.0
Feb-15,ACT,14830.0
Mar-15,ACT,17830.0
Apr-15,ACT,21310.0
May-15,ACT,18930.0
Jun-15,ACT,23270.0
Jul-15,ACT,24100.0
Aug-15,ACT,19360.0
Sep-15,ACT,23200.0
Oct-15,ACT,22890.0
Nov-15,ACT,20950.0
Dec-15,ACT,30210.0
Jan-16,ACT,22030.0
Feb-16,ACT,16150.0
Mar-16,ACT,19160.0
Apr-16,ACT,22710.0
May-16,ACT,18910.0
Jun-16,ACT,25520.0
Jul-16,ACT,24910.0
Aug-16,ACT,20570.0
Sep-16,ACT,26220.0
Oct-16,ACT,21610.0
Nov-16,ACT,23990.0
Dec-16,ACT,34710.0
Jan-17,ACT,24680.0
Feb-17,ACT,17680.0
Mar-17,ACT,21330.0
Apr-17,ACT,26930.0
May-17,ACT,21890.0
Jun-17,ACT,30260.0
Jul-17,ACT,27200.0
Aug-17,ACT,23130.0
Sep-17,ACT,28450.0
Oct-17,ACT,22250.0
Nov-17,ACT,26440.0
Dec-17,ACT,37320.0
Jan-18,ACT,26200.0
Feb-18,ACT,19940.0
Mar-18,ACT,25640.0
Apr-18,ACT,30050.0
May-18,ACT,26650.0
Jun-18,ACT,32630.0
Jul-18,ACT,30760.0
Aug-18,ACT,24680.0
Sep-18,ACT,27500.0
Oct-18,ACT,24360.0
Nov-18,ACT,28480.0
Dec-18,ACT,38390.0
Jan-19,ACT,28360.0
Feb-19,ACT,20200.0
Mar-19,ACT,23220.0
Apr-19,ACT,28420.0
May-19,ACT,24280.0
Jun-19,ACT,31320.0
Jul-19,ACT,30730.0
Aug-19,ACT,25490.0
Sep-19,ACT,28460.0
Oct-19,ACT,25460.0
Nov-19,ACT,29980.0
Dec-19,ACT,39300.0
Jan-20,ACT,29380.0
Feb-20,ACT,17480.0
Mar-20,ACT,10820.0
Apr-20,ACT,650.0
May-20,ACT,540.0
Jun-20,ACT,780.0
Jul-20,ACT,1290.0
Aug-20,ACT,1380.0
Sep-20,ACT,1060.0
Oct-20,ACT,1020.0
Nov-20,ACT,1180.0
Dec-20,ACT,1510.0
Jan-21,ACT,1290.0
Feb-21,ACT,780.0
Mar-21,ACT,730.0
Apr-21,ACT,920.0
May-21,ACT,1370.0
Jun-21,ACT,1590.0
Jul-21,ACT,1590.0
Aug-21,ACT,1030.0
Sep-21,ACT,720.0
Oct-21,ACT,860.0
Nov-21,ACT,2340.0
Dec-21,ACT,6020.0
Jan-22,ACT,4290.0
Feb-22,ACT,3780.0
Mar-22,ACT,6850.0
Apr-22,ACT,11510.0
May-22,ACT,11530.0
Jun-22,ACT,15900.0
Jul-22,ACT,17520.0
Aug-22,ACT,14940.0
Sep-22,ACT,17950.0
Oct-22,ACT,16940.0
Nov-22,ACT,20400.0
Dec-22,ACT,30120.0
Jan-23,ACT,22550.0
Feb-23,ACT,16810.0
Mar-23,ACT,21370.0
Apr-23,ACT,24520.0
May-23,ACT,22880.0
Jun-23,ACT,26930.0
Jul-23,ACT,26110.0
Aug-23,ACT,21970.0
Sep-23,ACT,27030.0
Oct-23,ACT,23320.0
Nov-23,ACT,26970.0
Dec-23,ACT,37770.0
Jan-24,ACT,26150.0
Feb-24,ACT,19880.0
Mar-24,ACT,24480.0
Apr-24,ACT,26410.0
May-24,ACT,23980.0
Jun-24,ACT,28180.0
Jul-24,ACT,27330.0
Aug-24,ACT,29870.0
Sep-24,ACT,31720.0
Oct-24,ACT,26600.0
Nov-24,ACT,29860.0
Dec-24,ACT,40390.0
Jan-25,ACT,29830.0
Feb-25,ACT,21900.0
Mar-25,ACT,24600.0
Apr-25,ACT,29550.0
May-25,ACT,26260.0
Jun-25,ACT,29910.0
Jul-25,ACT,28360.0
Aug-25,ACT,24960.0
Jan-91,Australia(d),386150.0
Feb-91,Australia(d),317430.0
Mar-91,Australia(d),382100.0
Apr-91,Australia(d),359060.0
May-91,Australia(d),349140.0
Jun-91,Australia(d),379590.0
Jul-91,Australia(d),380580.0
Aug-91,Australia(d),395000.0
Sep-91,Australia(d),405480.0
Oct-91,Australia(d),374220.0
Nov-91,Australia(d),405390.0
Dec-91,Australia(d),459790.0
Jan-92,Australia(d),406820.0
Feb-92,Australia(d),369510.0
Mar-92,Australia(d),408640.0
Apr-92,Australia(d),416200.0
May-92,Australia(d),386380.0
Jun-92,Australia(d),383410.0
Jul-92,Australia(d),420230.0
Aug-92,Australia(d),405760.0
Sep-92,Australia(d),426990.0
Oct-92,Australia(d),382200.0
Nov-92,Australia(d),428900.0
Dec-92,Australia(d),518370.0
Jan-93,Australia(d),464360.0
Feb-93,Australia(d),382000.0
Mar-93,Australia(d),439640.0
Apr-93,Australia(d),442680.0
May-93,Australia(d),431270.0
Jun-93,Australia(d),428890.0
Jul-93,Australia(d),422610.0
Aug-93,Australia(d),449060.0
Sep-93,Australia(d),450600.0
Oct-93,Australia(d),428420.0
Nov-93,Australia(d),461470.0
Dec-93,Australia(d),537520.0
Jan-94,Australia(d),491910.0
Feb-94,Australia(d),440930.0
Mar-94,Australia(d),505780.0
Apr-94,Australia(d),472800.0
May-94,Australia(d),444760.0
Jun-94,Australia(d),457040.0
Jul-94,Australia(d),470330.0
Aug-94,Australia(d),489370.0
Sep-94,Australia(d),487550.0
Oct-94,Australia(d),465300.0
Nov-94,Australia(d),498110.0
Dec-94,Australia(d),586330.0
Jan-95,Australia(d),547520.0
Feb-95,Australia(d),467050.0
Mar-95,Australia(d),535590.0
Apr-95,Australia(d),527090.0
May-95,Australia(d),489830.0
Jun-95,Australia(d),489780.0
Jul-95,Australia(d),529090.0
Aug-95,Australia(d),545760.0
Sep-95,Australia(d),530250.0
Oct-95,Australia(d),492200.0
Nov-95,Australia(d),548110.0
Dec-95,Australia(d),642570.0
Jan-96,Australia(d),589600.0
Feb-96,Australia(d),533700.0
Mar-96,Australia(d),615950.0
Apr-96,Australia(d),572890.0
May-96,Australia(d),516620.0
Jun-96,Australia(d),570800.0
Jul-96,Australia(d),573120.0
Aug-96,Australia(d),602730.0
Sep-96,Australia(d),584500.0
Oct-96,Australia(d),546830.0
Nov-96,Australia(d),594460.0
Dec-96,Australia(d),699870.0
Jan-97,Australia(d),647560.0
Feb-97,Australia(d),564610.0
Mar-97,Australia(d),650090.0
Apr-97,Australia(d),591240.0
May-97,Australia(d),568410.0
Jun-97,Australia(d),597400.0
Jul-97,Australia(d),615970.0
Aug-97,Australia(d),632500.0
Sep-97,Australia(d),619600.0
Oct-97,Australia(d),584500.0
Nov-97,Australia(d),629570.0
Dec-97,Australia(d),689030.0
Jan-98,Australia(d),650840.0
Feb-98,Australia(d),551750.0
Mar-98,Australia(d),610800.0
Apr-98,Australia(d),638750.0
May-98,Australia(d),595200.0
Jun-98,Australia(d),597990.0
Jul-98,Australia(d),609210.0
Aug-98,Australia(d),651940.0
Sep-98,Australia(d),621360.0
Oct-98,Australia(d),616930.0
Nov-98,Australia(d),634820.0
Dec-98,Australia(d),711310.0
Jan-99,Australia(d),702550.0
Feb-99,Australia(d),575130.0
Mar-99,Australia(d),665650.0
Apr-99,Australia(d),639760.0
May-99,Australia(d),594910.0
Jun-99,Australia(d),619670.0
Jul-99,Australia(d),638160.0
Aug-99,Australia(d),699270.0
Sep-99,Australia(d),675640.0
Oct-99,Australia(d),639720.0
Nov-99,Australia(d),672210.0
Dec-99,Australia(d),722510.0
Jan-00,Australia(d),723440.0
Feb-00,Australia(d),624840.0
Mar-00,Australia(d),702200.0
Apr-00,Australia(d),741110.0
May-00,Australia(d),661340.0
Jun-00,Australia(d),664860.0
Jul-00,Australia(d),687860.0
Aug-00,Australia(d),728810.0
Sep-00,Australia(d),715560.0
Oct-00,Australia(d),735140.0
Nov-00,Australia(d),759430.0
Dec-00,Australia(d),871220.0
Jan-01,Australia(d),821560.0
Feb-01,Australia(d),636500.0
Mar-01,Australia(d),749700.0
Apr-01,Australia(d),754150.0
May-01,Australia(d),679260.0
Jun-01,Australia(d),706880.0
Jul-01,Australia(d),738660.0
Aug-01,Australia(d),751250.0
Sep-01,Australia(d),699630.0
Oct-01,Australia(d),618950.0
Nov-01,Australia(d),637910.0
Dec-01,Australia(d),782310.0
Jan-02,Australia(d),757640.0
Feb-02,Australia(d),640570.0
Mar-02,Australia(d),743420.0
Apr-02,Australia(d),704770.0
May-02,Australia(d),667490.0
Jun-02,Australia(d),682710.0
Jul-02,Australia(d),707290.0
Aug-02,Australia(d),735280.0
Sep-02,Australia(d),704200.0
Oct-02,Australia(d),675740.0
Nov-02,Australia(d),723120.0
Dec-02,Australia(d),836430.0
Jan-03,Australia(d),786500.0
Feb-03,Australia(d),631130.0
Mar-03,Australia(d),684720.0
Apr-03,Australia(d),598470.0
May-03,Australia(d),540420.0
Jun-03,Australia(d),604260.0
Jul-03,Australia(d),683410.0
Aug-03,Australia(d),730170.0
Sep-03,Australia(d),729570.0
Oct-03,Australia(d),692720.0
Nov-03,Australia(d),798620.0
Dec-03,Australia(d),922660.0
Jan-04,Australia(d),872150.0
Feb-04,Australia(d),704580.0
Mar-04,Australia(d),795610.0
Apr-04,Australia(d),811370.0
May-04,Australia(d),746690.0
Jun-04,Australia(d),795240.0
Jul-04,Australia(d),807180.0
Aug-04,Australia(d),843010.0
Sep-04,Australia(d),825840.0
Oct-04,Australia(d),791600.0
Nov-04,Australia(d),862840.0
Dec-04,Australia(d),1014700.0
Jan-05,Australia(d),956180.0
Feb-05,Australia(d),774700.0
Mar-05,Australia(d),898590.0
Apr-05,Australia(d),853530.0
May-05,Australia(d),805960.0
Jun-05,Australia(d),863870.0
Jul-05,Australia(d),867850.0
Aug-05,Australia(d),904730.0
Sep-05,Australia(d),880090.0
Oct-05,Australia(d),815700.0
Nov-05,Australia(d),883600.0
Dec-05,Australia(d),1035100.0
Jan-06,Australia(d),959690.0
Feb-06,Australia(d),780630.0
Mar-06,Australia(d),870590.0
Apr-06,Australia(d),916940.0
May-06,Australia(d),803640.0
Jun-06,Australia(d),890800.0
Jul-06,Australia(d),856610.0
Aug-06,Australia(d),894280.0
Sep-06,Australia(d),895330.0
Oct-06,Australia(d),868850.0
Nov-06,Australia(d),900420.0
Dec-06,Australia(d),1106420.0
Jan-07,Australia(d),1013050.0
Feb-07,Australia(d),812520.0
Mar-07,Australia(d),965780.0
Apr-07,Australia(d),951580.0
May-07,Australia(d),856170.0
Jun-07,Australia(d),935360.0
Jul-07,Australia(d),934850.0
Aug-07,Australia(d),962120.0
Sep-07,Australia(d),983450.0
Oct-07,Australia(d),910930.0
Nov-07,Australia(d),974850.0
Dec-07,Australia(d),1174380.0
Jan-08,Australia(d),1041870.0
Feb-08,Australia(d),885850.0
Mar-08,Australia(d),1008050.0
Apr-08,Australia(d),960120.0
May-08,Australia(d),924940.0
Jun-08,Australia(d),967050.0
Jul-08,Australia(d),996350.0
Aug-08,Australia(d),996630.0
Sep-08,Australia(d),958090.0
Oct-08,Australia(d),916310.0
Nov-08,Australia(d),961270.0
Dec-08,Australia(d),1187990.0
Jan-09,Australia(d),1042720.0
Feb-09,Australia(d),844290.0
Mar-09,Australia(d),955430.0
Apr-09,Australia(d),1022600.0
May-09,Australia(d),936610.0
Jun-09,Australia(d),987950.0
Jul-09,Australia(d),1010180.0
Aug-09,Australia(d),1015690.0
Sep-09,Australia(d),1058070.0
Oct-09,Australia(d),1036370.0
Nov-09,Australia(d),1067800.0
Dec-09,Australia(d),1311620.0
Jan-10,Australia(d),1155320.0
Feb-10,Australia(d),959170.0
Mar-10,Australia(d),1111500.0
Apr-10,Australia(d),1049210.0
May-10,Australia(d),1003080.0
Jun-10,Australia(d),1140560.0
Jul-10,Australia(d),1110100.0
Aug-10,Australia(d),1124460.0
Sep-10,Australia(d),1182190.0
Oct-10,Australia(d),1093840.0
Nov-10,Australia(d),1136040.0
Dec-10,Australia(d),1404740.0
Jan-11,Australia(d),1249740.0
Feb-11,Australia(d),993630.0
Mar-11,Australia(d),1069880.0
Apr-11,Australia(d),1205170.0
May-11,Australia(d),1084640.0
Jun-11,Australia(d),1177530.0
Jul-11,Australia(d),1176810.0
Aug-11,Australia(d),1173140.0
Sep-11,Australia(d),1245430.0
Oct-11,Australia(d),1135860.0
Nov-11,Australia(d),1172830.0
Dec-11,Australia(d),1469030.0
Jan-12,Australia(d),1291220.0
Feb-12,Australia(d),1038610.0
Mar-12,Australia(d),1210250.0
Apr-12,Australia(d),1218060.0
May-12,Australia(d),1109580.0
Jun-12,Australia(d),1272870.0
Jul-12,Australia(d),1191780.0
Aug-12,Australia(d),1235770.0
Sep-12,Australia(d),1304480.0
Oct-12,Australia(d),1181220.0
Nov-12,Australia(d),1252420.0
Dec-12,Australia(d),1543270.0
Jan-13,Australia(d),1320830.0
Feb-13,Australia(d),1094910.0
Mar-13,Australia(d),1287530.0
Apr-13,Australia(d),1258030.0
May-13,Australia(d),1197390.0
Jun-13,Australia(d),1335540.0
Jul-13,Australia(d),1299920.0
Aug-13,Australia(d),1343350.0
Sep-13,Australia(d),1379670.0
Oct-13,Australia(d),1234270.0
Nov-13,Australia(d),1302890.0
Dec-13,Australia(d),1682310.0
Jan-14,Australia(d),1465150.0
Feb-14,Australia(d),1182440.0
Mar-14,Australia(d),1298710.0
Apr-14,Australia(d),1414040.0
May-14,Australia(d),1265970.0
Jun-14,Australia(d),1420280.0
Jul-14,Australia(d),1344800.0
Aug-14,Australia(d),1425230.0
Sep-14,Australia(d),1407840.0
Oct-14,Australia(d),1301610.0
Nov-14,Australia(d),1360790.0
Dec-14,Australia(d),1712460.0
Jan-15,Australia(d),1492040.0
Feb-15,Australia(d),1244450.0
Mar-15,Australia(d),1446300.0
Apr-15,Australia(d),1407210.0
May-15,Australia(d),1308870.0
Jun-15,Australia(d),1460060.0
Jul-15,Australia(d),1432870.0
Aug-15,Australia(d),1448890.0
Sep-15,Australia(d),1476490.0
Oct-15,Australia(d),1395260.0
Nov-15,Australia(d),1437150.0
Dec-15,Australia(d),1853170.0
Jan-16,Australia(d),1635880.0
Feb-16,Australia(d),1367240.0
Mar-16,Australia(d),1540790.0
Apr-16,Australia(d),1493250.0
May-16,Australia(d),1387400.0
Jun-16,Australia(d),1580220.0
Jul-16,Australia(d),1574310.0
Aug-16,Australia(d),1546190.0
Sep-16,Australia(d),1601950.0
Oct-16,Australia(d),1502290.0
Nov-16,Australia(d),1544640.0
Dec-16,Australia(d),1992710.0
Jan-17,Australia(d),1781220.0
Feb-17,Australia(d),1393200.0
Mar-17,Australia(d),1576240.0
Apr-17,Australia(d),1705020.0
May-17,Australia(d),1492580.0
Jun-17,Australia(d),1672190.0
Jul-17,Australia(d),1652280.0
Aug-17,Australia(d),1657720.0
Sep-17,Australia(d),1701600.0
Oct-17,Australia(d),1568390.0
Nov-17,Australia(d),1638140.0
Dec-17,Australia(d),2082840.0
Jan-18,Australia(d),1809210.0
Feb-18,Australia(d),1515400.0
Mar-18,Australia(d),1743090.0
Apr-18,Australia(d),1715000.0
May-18,Australia(d),1556600.0
Jun-18,Australia(d),1785860.0
Jul-18,Australia(d),1725790.0
Aug-18,Australia(d),1765100.0
Sep-18,Australia(d),1755060.0
Oct-18,Australia(d),1639940.0
Nov-18,Australia(d),1715150.0
Dec-18,Australia(d),2184290.0
Jan-19,Australia(d),1905430.0
Feb-19,Australia(d),1521730.0
Mar-19,Australia(d),1684320.0
Apr-19,Australia(d),1828640.0
May-19,Australia(d),1632790.0
Jun-19,Australia(d),1800580.0
Jul-19,Australia(d),1757440.0
Aug-19,Australia(d),1809670.0
Sep-19,Australia(d),1796540.0
Oct-19,Australia(d),1678790.0
Nov-19,Australia(d),1743220.0
Dec-19,Australia(d),2240340.0
Jan-20,Australia(d),1974400.0
Feb-20,Australia(d),1294290.0
Mar-20,Australia(d),834950.0
Apr-20,Australia(d),62460.0
May-20,Australia(d),34950.0
Jun-20,Australia(d),39260.0
Jul-20,Australia(d),55740.0
Aug-20,Australia(d),59620.0
Sep-20,Australia(d),48490.0
Oct-20,Australia(d),45810.0
Nov-20,Australia(d),44240.0
Dec-20,Australia(d),49100.0
Jan-21,Australia(d),41860.0
Feb-21,Australia(d),31970.0
Mar-21,Australia(d),31310.0
Apr-21,Australia(d),63920.0
May-21,Australia(d),107230.0
Jun-21,Australia(d),98350.0
Jul-21,Australia(d),87020.0
Aug-21,Australia(d),37240.0
Sep-21,Australia(d),30330.0
Oct-21,Australia(d),36830.0
Nov-21,Australia(d),91120.0
Dec-21,Australia(d),227240.0
Jan-22,Australia(d),188210.0
Feb-22,Australia(d),176260.0
Mar-22,Australia(d),335240.0
Apr-22,Australia(d),606710.0
May-22,Australia(d),659860.0
Jun-22,Australia(d),880860.0
Jul-22,Australia(d),968490.0
Aug-22,Australia(d),942210.0
Sep-22,Australia(d),1040550.0
Oct-22,Australia(d),1014820.0
Nov-22,Australia(d),1177430.0
Dec-22,Australia(d),1515290.0
Jan-23,Australia(d),1376850.0
Feb-23,Australia(d),1068410.0
Mar-23,Australia(d),1324360.0
Apr-23,Australia(d),1425150.0
May-23,Australia(d),1359250.0
Jun-23,Australia(d),1556710.0
Jul-23,Australia(d),1494520.0
Aug-23,Australia(d),1516500.0
Sep-23,Australia(d),1589500.0
Oct-23,Australia(d),1479380.0
Nov-23,Australia(d),1591640.0
Dec-23,Australia(d),2027740.0
Jan-24,Australia(d),1745840.0
Feb-24,Australia(d),1491730.0
Mar-24,Australia(d),1709930.0
Apr-24,Australia(d),1650280.0
May-24,Australia(d),1559320.0
Jun-24,Australia(d),1762410.0
Jul-24,Australia(d),1650530.0
Aug-24,Australia(d),1694440.0
Sep-24,Australia(d),1796550.0
Oct-24,Australia(d),1658170.0
Nov-24,Australia(d),1776340.0
Dec-24,Australia(d),2262020.0
Jan-25,Australia(d),2031060.0
Feb-25,Australia(d),1517920.0
Mar-25,Australia(d),1669390.0
Apr-25,Australia(d),1925790.0
May-25,Australia(d),1679750.0
Jun-25,Australia(d),1813440.0
Jul-25,Australia(d),1819770.0
Aug-25,Australia(d),1834620.0